workflow,inputsize,task,machine,time,memory
atacseq,2223941232,bwa_mem,asok01,636425,7584305152
atacseq,2223941232,bwa_mem,asok02,622137,7590084608
atacseq,2223941232,bwa_mem,c2,400676,7588139008
atacseq,2223941232,bwa_mem,n1,550307,7582695424
atacseq,2223941232,bwa_mem,n2,447287,7581798400
atacseq,2223941232,fastqc,asok01,116061,1040146432
atacseq,2223941232,fastqc,asok02,112096,1038708736
atacseq,2223941232,fastqc,c2,47502,1041604608
atacseq,2223941232,fastqc,n1,75877,1078325248
atacseq,2223941232,fastqc,n2,54686,1039855616
atacseq,2223941232,merged_lib_ataqv,asok01,55927,80216064
atacseq,2223941232,merged_lib_ataqv,asok02,58758,81928192
atacseq,2223941232,merged_lib_ataqv,c2,28149,80048128
atacseq,2223941232,merged_lib_ataqv,n1,58152,80998400
atacseq,2223941232,merged_lib_ataqv,n2,31102,81641472
atacseq,2223941232,merged_lib_bam,asok01,406653,7926202368
atacseq,2223941232,merged_lib_bam,asok02,411751,7436701696
atacseq,2223941232,merged_lib_bam,c2,177459,8450392064
atacseq,2223941232,merged_lib_bam,n1,290923,8392060928
atacseq,2223941232,merged_lib_bam,n2,200795,8456257536
atacseq,2223941232,merged_lib_bam_filter,asok01,221290,2759352320
atacseq,2223941232,merged_lib_bam_filter,asok02,219141,2759606272
atacseq,2223941232,merged_lib_bam_filter,c2,126138,2759159808
atacseq,2223941232,merged_lib_bam_filter,n1,219791,2758782976
atacseq,2223941232,merged_lib_bam_filter,n2,138828,2758959104
atacseq,2223941232,merged_lib_bam_remove_orphan,asok01,130052,2714521600
atacseq,2223941232,merged_lib_bam_remove_orphan,asok02,128899,2714718208
atacseq,2223941232,merged_lib_bam_remove_orphan,c2,67750,2713939968
atacseq,2223941232,merged_lib_bam_remove_orphan,n1,106261,2714120192
atacseq,2223941232,merged_lib_bam_remove_orphan,n2,74081,2714193920
atacseq,2223941232,merged_lib_bigwig,asok01,100967,2013474816
atacseq,2223941232,merged_lib_bigwig,asok02,110025,2013487104
atacseq,2223941232,merged_lib_bigwig,c2,51579,2013450240
atacseq,2223941232,merged_lib_bigwig,n1,78778,2013298688
atacseq,2223941232,merged_lib_bigwig,n2,58431,2013171712
atacseq,2223941232,merged_lib_macs2,asok01,123033,216170496
atacseq,2223941232,merged_lib_macs2,asok02,125024,218337280
atacseq,2223941232,merged_lib_macs2,c2,58745,219516928
atacseq,2223941232,merged_lib_macs2,n1,126457,219918336
atacseq,2223941232,merged_lib_macs2,n2,66010,217899008
atacseq,2223941232,merged_lib_macs2_annotate,asok01,161651,1328635904
atacseq,2223941232,merged_lib_macs2_annotate,asok02,159231,1328766976
atacseq,2223941232,merged_lib_macs2_annotate,c2,70861,1328566272
atacseq,2223941232,merged_lib_macs2_annotate,n1,139780,1328676864
atacseq,2223941232,merged_lib_macs2_annotate,n2,79637,1314537472
atacseq,2223941232,merged_lib_picard_metrics,asok01,100796,1094565888
atacseq,2223941232,merged_lib_picard_metrics,asok02,105041,1406177280
atacseq,2223941232,merged_lib_picard_metrics,c2,69099,1100898304
atacseq,2223941232,merged_lib_picard_metrics,n1,89823,1106989056
atacseq,2223941232,merged_lib_picard_metrics,n2,74947,1095155712
atacseq,2223941232,merged_lib_plotfingerprint,asok01,78600,1089761280
atacseq,2223941232,merged_lib_plotfingerprint,asok02,80418,1089978368
atacseq,2223941232,merged_lib_plotfingerprint,c2,46552,1006317568
atacseq,2223941232,merged_lib_plotfingerprint,n1,73465,1087606784
atacseq,2223941232,merged_lib_plotfingerprint,n2,53785,766738432
atacseq,2223941232,merged_lib_plotprofile,asok01,707321,2130436096
atacseq,2223941232,merged_lib_plotprofile,asok02,701323,2174668800
atacseq,2223941232,merged_lib_plotprofile,c2,385306,2201427968
atacseq,2223941232,merged_lib_plotprofile,n1,672763,2143367168
atacseq,2223941232,merged_lib_plotprofile,n2,426802,2128224256
atacseq,2223941232,sort_bam,asok01,85390,3974684672
atacseq,2223941232,sort_bam,asok02,81262,3975266304
atacseq,2223941232,sort_bam,c2,46932,3974623232
atacseq,2223941232,sort_bam,n1,73555,3974840320
atacseq,2223941232,sort_bam,n2,48907,3974791168
atacseq,2223941232,trimgalore,asok01,239678,1135640576
atacseq,2223941232,trimgalore,asok02,237638,1144389632
atacseq,2223941232,trimgalore,c2,142162,1098543104
atacseq,2223941232,trimgalore,n1,221952,1151176704
atacseq,2223941232,trimgalore,n2,160016,1168719872
atacseq,3908761308,bwa_mem,asok01,1058494,7559229440
atacseq,3908761308,bwa_mem,asok02,1078664,7555837952
atacseq,3908761308,bwa_mem,c2,631038,7552327680
atacseq,3908761308,bwa_mem,n1,928658,7548366848
atacseq,3908761308,bwa_mem,n2,737468,7554932736
atacseq,3908761308,fastqc,asok01,191252,1042092032
atacseq,3908761308,fastqc,asok02,190041,1050206208
atacseq,3908761308,fastqc,c2,138800,1095987200
atacseq,3908761308,fastqc,n1,136915,1042731008
atacseq,3908761308,fastqc,n2,89739,1038417920
atacseq,3908761308,merged_lib_ataqv,asok01,91770,73330688
atacseq,3908761308,merged_lib_ataqv,asok02,91197,74100736
atacseq,3908761308,merged_lib_ataqv,c2,44869,70332416
atacseq,3908761308,merged_lib_ataqv,n1,97193,74473472
atacseq,3908761308,merged_lib_ataqv,n2,51796,74162176
atacseq,3908761308,merged_lib_bam,asok01,698722,9488990208
atacseq,3908761308,merged_lib_bam,asok02,709558,9175285760
atacseq,3908761308,merged_lib_bam,c2,300898,9121939456
atacseq,3908761308,merged_lib_bam,n1,498934,9160130560
atacseq,3908761308,merged_lib_bam,n2,343573,9170571264
atacseq,3908761308,merged_lib_bam_filter,asok01,366523,4610269184
atacseq,3908761308,merged_lib_bam_filter,asok02,362007,4610605056
atacseq,3908761308,merged_lib_bam_filter,c2,207525,4610064384
atacseq,3908761308,merged_lib_bam_filter,n1,362532,4610162688
atacseq,3908761308,merged_lib_bam_filter,n2,233503,4609978368
atacseq,3908761308,merged_lib_bam_remove_orphan,asok01,216238,4536287232
atacseq,3908761308,merged_lib_bam_remove_orphan,asok02,212468,4537245696
atacseq,3908761308,merged_lib_bam_remove_orphan,c2,108687,4536913920
atacseq,3908761308,merged_lib_bam_remove_orphan,n1,172793,4536745984
atacseq,3908761308,merged_lib_bam_remove_orphan,n2,122127,4536496128
atacseq,3908761308,merged_lib_bigwig,asok01,152247,2013392896
atacseq,3908761308,merged_lib_bigwig,asok02,161898,2013769728
atacseq,3908761308,merged_lib_bigwig,c2,77428,2013655040
atacseq,3908761308,merged_lib_bigwig,n1,117478,2013052928
atacseq,3908761308,merged_lib_bigwig,n2,87342,2013265920
atacseq,3908761308,merged_lib_macs2,asok01,205119,325832704
atacseq,3908761308,merged_lib_macs2,asok02,209251,322232320
atacseq,3908761308,merged_lib_macs2,c2,99055,327180288
atacseq,3908761308,merged_lib_macs2,n1,215232,307941376
atacseq,3908761308,merged_lib_macs2,n2,110714,307879936
atacseq,3908761308,merged_lib_macs2_annotate,asok01,161205,1346719744
atacseq,3908761308,merged_lib_macs2_annotate,asok02,161633,1346797568
atacseq,3908761308,merged_lib_macs2_annotate,c2,71235,1346265088
atacseq,3908761308,merged_lib_macs2_annotate,n1,142380,1343602688
atacseq,3908761308,merged_lib_macs2_annotate,n2,79256,1346519040
atacseq,3908761308,merged_lib_picard_metrics,asok01,152003,1175953408
atacseq,3908761308,merged_lib_picard_metrics,asok02,150184,1244098560
atacseq,3908761308,merged_lib_picard_metrics,c2,72854,1073680384
atacseq,3908761308,merged_lib_picard_metrics,n1,113619,1205080064
atacseq,3908761308,merged_lib_picard_metrics,n2,86347,910389248
atacseq,3908761308,merged_lib_plotfingerprint,asok01,111930,1097248768
atacseq,3908761308,merged_lib_plotfingerprint,asok02,133374,1099153408
atacseq,3908761308,merged_lib_plotfingerprint,c2,63302,1034354688
atacseq,3908761308,merged_lib_plotfingerprint,n1,109504,1096327168
atacseq,3908761308,merged_lib_plotfingerprint,n2,77013,771891200
atacseq,3908761308,merged_lib_plotprofile,asok01,717802,2136285184
atacseq,3908761308,merged_lib_plotprofile,asok02,714318,2165555200
atacseq,3908761308,merged_lib_plotprofile,c2,391850,2162397184
atacseq,3908761308,merged_lib_plotprofile,n1,682310,2192527360
atacseq,3908761308,merged_lib_plotprofile,n2,436549,2113736704
atacseq,3908761308,sort_bam,asok01,163052,5652025344
atacseq,3908761308,sort_bam,asok02,162732,5652422656
atacseq,3908761308,sort_bam,c2,89899,5652619264
atacseq,3908761308,sort_bam,n1,148673,5652238336
atacseq,3908761308,sort_bam,n2,103925,5652156416
atacseq,3908761308,trimgalore,asok01,395667,1537724416
atacseq,3908761308,trimgalore,asok02,408207,1531998208
atacseq,3908761308,trimgalore,c2,246104,1537409024
atacseq,3908761308,trimgalore,n1,386837,1534791680
atacseq,3908761308,trimgalore,n2,276231,1535721472
atacseq,11187378708,bwa_mem,asok01,1735618,6892982272
atacseq,11187378708,bwa_mem,asok02,1778213,6893338624
atacseq,11187378708,bwa_mem,c2,910554,6864838656
atacseq,11187378708,bwa_mem,n1,1333081,6860238848
atacseq,11187378708,bwa_mem,n2,1030579,6872555520
atacseq,11187378708,fastqc,asok01,562237,1101332480
atacseq,11187378708,fastqc,asok02,559215,1084305408
atacseq,11187378708,fastqc,c2,241572,1049755648
atacseq,11187378708,fastqc,n1,481568,1102225408
atacseq,11187378708,fastqc,n2,270695,1044332544
atacseq,11187378708,merged_lib_ataqv,asok01,102220,134221824
atacseq,11187378708,merged_lib_ataqv,asok02,101177,117653504
atacseq,11187378708,merged_lib_ataqv,c2,44624,115810304
atacseq,11187378708,merged_lib_ataqv,n1,84711,117047296
atacseq,11187378708,merged_lib_ataqv,n2,50475,113983488
atacseq,11187378708,merged_lib_bam,asok01,1865043,12828336128
atacseq,11187378708,merged_lib_bam,asok02,1926767,8408428544
atacseq,11187378708,merged_lib_bam,c2,776485,8448221184
atacseq,11187378708,merged_lib_bam,n1,1291081,8438059008
atacseq,11187378708,merged_lib_bam,n2,867675,8430448640
atacseq,11187378708,merged_lib_bam_filter,asok01,225958,2289700864
atacseq,11187378708,merged_lib_bam_filter,asok02,225660,2290233344
atacseq,11187378708,merged_lib_bam_filter,c2,122396,2289917952
atacseq,11187378708,merged_lib_bam_filter,n1,187030,2289512448
atacseq,11187378708,merged_lib_bam_filter,n2,134319,2289463296
atacseq,11187378708,merged_lib_bam_remove_orphan,asok01,111164,2245316608
atacseq,11187378708,merged_lib_bam_remove_orphan,asok02,109803,2245742592
atacseq,11187378708,merged_lib_bam_remove_orphan,c2,57167,2245320704
atacseq,11187378708,merged_lib_bam_remove_orphan,n1,88623,2244939776
atacseq,11187378708,merged_lib_bam_remove_orphan,n2,64278,2245083136
atacseq,11187378708,merged_lib_bigwig,asok01,90662,2012999680
atacseq,11187378708,merged_lib_bigwig,asok02,92597,2013122560
atacseq,11187378708,merged_lib_bigwig,c2,45252,2012798976
atacseq,11187378708,merged_lib_bigwig,n1,67274,2012925952
atacseq,11187378708,merged_lib_bigwig,n2,50248,2012852224
atacseq,11187378708,merged_lib_macs2,asok01,101251,182333440
atacseq,11187378708,merged_lib_macs2,asok02,105336,181436416
atacseq,11187378708,merged_lib_macs2,c2,49899,181649408
atacseq,11187378708,merged_lib_macs2,n1,105698,174854144
atacseq,11187378708,merged_lib_macs2,n2,55450,181329920
atacseq,11187378708,merged_lib_macs2_annotate,asok01,162959,1380499456
atacseq,11187378708,merged_lib_macs2_annotate,asok02,163792,1380753408
atacseq,11187378708,merged_lib_macs2_annotate,c2,73901,1370189824
atacseq,11187378708,merged_lib_macs2_annotate,n1,142449,1372844032
atacseq,11187378708,merged_lib_macs2_annotate,n2,81025,1380302848
atacseq,11187378708,merged_lib_picard_metrics,asok01,91246,1275498496
atacseq,11187378708,merged_lib_picard_metrics,asok02,89670,1123299328
atacseq,11187378708,merged_lib_picard_metrics,c2,43821,971710464
atacseq,11187378708,merged_lib_picard_metrics,n1,63608,970690560
atacseq,11187378708,merged_lib_picard_metrics,n2,51870,1029328896
atacseq,11187378708,merged_lib_plotfingerprint,asok01,71456,1086713856
atacseq,11187378708,merged_lib_plotfingerprint,asok02,60862,1087586304
atacseq,11187378708,merged_lib_plotfingerprint,c2,33728,763777024
atacseq,11187378708,merged_lib_plotfingerprint,n1,54587,1085521920
atacseq,11187378708,merged_lib_plotfingerprint,n2,38919,1084407808
atacseq,11187378708,merged_lib_plotprofile,asok01,709317,2193981440
atacseq,11187378708,merged_lib_plotprofile,asok02,699256,2170888192
atacseq,11187378708,merged_lib_plotprofile,c2,379595,2226675712
atacseq,11187378708,merged_lib_plotprofile,n1,686502,2191495168
atacseq,11187378708,merged_lib_plotprofile,n2,431575,2141478912
atacseq,11187378708,sort_bam,asok01,414306,5619978240
atacseq,11187378708,sort_bam,asok02,413151,5618094080
atacseq,11187378708,sort_bam,c2,191190,5619867648
atacseq,11187378708,sort_bam,n1,339206,5620068352
atacseq,11187378708,sort_bam,n2,212309,5620072448
atacseq,11187378708,trimgalore,asok01,1143115,3338883072
atacseq,11187378708,trimgalore,asok02,1165820,3345391616
atacseq,11187378708,trimgalore,c2,695051,3318517760
atacseq,11187378708,trimgalore,n1,1107551,3325751296
atacseq,11187378708,trimgalore,n2,778788,3325521920
atacseq,11643214412,bwa_mem,asok01,2613184,7367921664
atacseq,11643214412,bwa_mem,asok02,2618072,7363813376
atacseq,11643214412,bwa_mem,c2,1532800,7366979584
atacseq,11643214412,bwa_mem,n1,2260092,7363461120
atacseq,11643214412,bwa_mem,n2,1709891,7361937408
atacseq,11643214412,fastqc,asok01,554067,1128755200
atacseq,11643214412,fastqc,asok02,557043,1038848000
atacseq,11643214412,fastqc,c2,232557,1125322752
atacseq,11643214412,fastqc,n1,362916,1077194752
atacseq,11643214412,fastqc,n2,395005,1051643904
atacseq,11643214412,merged_lib_ataqv,asok01,352603,111558656
atacseq,11643214412,merged_lib_ataqv,asok02,353311,111960064
atacseq,11643214412,merged_lib_ataqv,c2,179430,111419392
atacseq,11643214412,merged_lib_ataqv,n1,429170,111546368
atacseq,11643214412,merged_lib_ataqv,n2,205402,111468544
atacseq,11643214412,merged_lib_bam,asok01,2128259,12609675264
atacseq,11643214412,merged_lib_bam,asok02,2160554,8426094592
atacseq,11643214412,merged_lib_bam,c2,921393,9046159360
atacseq,11643214412,merged_lib_bam,n1,1519858,8438095872
atacseq,11643214412,merged_lib_bam,n2,1032771,8408616960
atacseq,11643214412,merged_lib_bam_filter,asok01,1365975,5603586048
atacseq,11643214412,merged_lib_bam_filter,asok02,1348298,5601808384
atacseq,11643214412,merged_lib_bam_filter,c2,757375,5603106816
atacseq,11643214412,merged_lib_bam_filter,n1,1341230,5603090432
atacseq,11643214412,merged_lib_bam_filter,n2,845863,5603221504
atacseq,11643214412,merged_lib_bam_remove_orphan,asok01,807597,5605703680
atacseq,11643214412,merged_lib_bam_remove_orphan,asok02,793274,5604417536
atacseq,11643214412,merged_lib_bam_remove_orphan,c2,388432,5606215680
atacseq,11643214412,merged_lib_bam_remove_orphan,n1,642177,5605679104
atacseq,11643214412,merged_lib_bam_remove_orphan,n2,456078,5605801984
atacseq,11643214412,merged_lib_bigwig,asok01,452423,2013974528
atacseq,11643214412,merged_lib_bigwig,asok02,485536,2014199808
atacseq,11643214412,merged_lib_bigwig,c2,223716,2014076928
atacseq,11643214412,merged_lib_bigwig,n1,364464,2013728768
atacseq,11643214412,merged_lib_bigwig,n2,253249,2013835264
atacseq,11643214412,merged_lib_macs2,asok01,817432,914907136
atacseq,11643214412,merged_lib_macs2,asok02,822916,961933312
atacseq,11643214412,merged_lib_macs2,c2,399116,956030976
atacseq,11643214412,merged_lib_macs2,n1,818449,955826176
atacseq,11643214412,merged_lib_macs2,n2,447000,935383040
atacseq,11643214412,merged_lib_macs2_annotate,asok01,175016,1552044032
atacseq,11643214412,merged_lib_macs2_annotate,asok02,176085,1552543744
atacseq,11643214412,merged_lib_macs2_annotate,c2,78604,1538285568
atacseq,11643214412,merged_lib_macs2_annotate,n1,154265,1552257024
atacseq,11643214412,merged_lib_macs2_annotate,n2,86989,1552351232
atacseq,11643214412,merged_lib_picard_metrics,asok01,464165,1495089152
atacseq,11643214412,merged_lib_picard_metrics,asok02,463739,1141288960
atacseq,11643214412,merged_lib_picard_metrics,c2,222066,977743872
atacseq,11643214412,merged_lib_picard_metrics,n1,319727,1293955072
atacseq,11643214412,merged_lib_picard_metrics,n2,251412,1233149952
atacseq,11643214412,merged_lib_plotfingerprint,asok01,137687,1131651072
atacseq,11643214412,merged_lib_plotfingerprint,asok02,133274,1208700928
atacseq,11643214412,merged_lib_plotfingerprint,c2,66376,1132429312
atacseq,11643214412,merged_lib_plotfingerprint,n1,112443,1127227392
atacseq,11643214412,merged_lib_plotfingerprint,n2,83376,1131569152
atacseq,11643214412,merged_lib_plotprofile,asok01,709598,2170580992
atacseq,11643214412,merged_lib_plotprofile,asok02,722060,2153381888
atacseq,11643214412,merged_lib_plotprofile,c2,396512,2147926016
atacseq,11643214412,merged_lib_plotprofile,n1,694883,2206502912
atacseq,11643214412,merged_lib_plotprofile,n2,441379,2210328576
atacseq,11643214412,sort_bam,asok01,491819,5646336000
atacseq,11643214412,sort_bam,asok02,485182,5644107776
atacseq,11643214412,sort_bam,c2,261922,5645918208
atacseq,11643214412,sort_bam,n1,429973,5646168064
atacseq,11643214412,sort_bam,n2,310236,5645746176
atacseq,11643214412,trimgalore,asok01,1190681,3450974208
atacseq,11643214412,trimgalore,asok02,1247744,3438575616
atacseq,11643214412,trimgalore,c2,767007,3436691456
atacseq,11643214412,trimgalore,n1,1186682,3427627008
atacseq,11643214412,trimgalore,n2,865297,3449487360
atacseq,11809629756,bwa_mem,asok01,1809909,6975725568
atacseq,11809629756,bwa_mem,asok02,1810040,6956089344
atacseq,11809629756,bwa_mem,c2,1132150,6953869312
atacseq,11809629756,bwa_mem,local,1111191,6926196736
atacseq,11809629756,bwa_mem,n1,1475333,6955159552
atacseq,11809629756,bwa_mem,n2,1250617,6932578304
atacseq,11809629756,fastqc,asok01,586110,1042423808
atacseq,11809629756,fastqc,asok02,586094,1046421504
atacseq,11809629756,fastqc,c2,264796,1089990656
atacseq,11809629756,fastqc,local,266732,1097170944
atacseq,11809629756,fastqc,n1,385864,1077084160
atacseq,11809629756,fastqc,n2,302730,1041981440
atacseq,11809629756,merged_lib_ataqv,asok01,103844,120606720
atacseq,11809629756,merged_lib_ataqv,asok02,108366,120647680
atacseq,11809629756,merged_lib_ataqv,c2,44925,115900416
atacseq,11809629756,merged_lib_ataqv,local,72841,119885824
atacseq,11809629756,merged_lib_ataqv,n1,84252,120041472
atacseq,11809629756,merged_lib_ataqv,n2,51007,121085952
atacseq,11809629756,merged_lib_bam,asok01,1983132,8902934528
atacseq,11809629756,merged_lib_bam,asok02,2000552,9026461696
atacseq,11809629756,merged_lib_bam,c2,784894,8932622336
atacseq,11809629756,merged_lib_bam,local,1067726,8478167040
atacseq,11809629756,merged_lib_bam,n1,1079854,9831419904
atacseq,11809629756,merged_lib_bam,n2,882985,9923174400
atacseq,11809629756,merged_lib_bam_filter,asok01,242906,2393628672
atacseq,11809629756,merged_lib_bam_filter,asok02,237398,2393026560
atacseq,11809629756,merged_lib_bam_filter,c2,125666,2393337856
atacseq,11809629756,merged_lib_bam_filter,local,154069,2393088000
atacseq,11809629756,merged_lib_bam_filter,n1,179252,2393169920
atacseq,11809629756,merged_lib_bam_filter,n2,135294,2393227264
atacseq,11809629756,merged_lib_bam_remove_orphan,asok01,123918,2350104576
atacseq,11809629756,merged_lib_bam_remove_orphan,asok02,116194,2349752320
atacseq,11809629756,merged_lib_bam_remove_orphan,c2,56713,2350084096
atacseq,11809629756,merged_lib_bam_remove_orphan,local,75816,2349703168
atacseq,11809629756,merged_lib_bam_remove_orphan,n1,80856,2349694976
atacseq,11809629756,merged_lib_bam_remove_orphan,n2,61875,2349494272
atacseq,11809629756,merged_lib_bigwig,asok01,92304,2013245440
atacseq,11809629756,merged_lib_bigwig,asok02,91859,2013409280
atacseq,11809629756,merged_lib_bigwig,c2,44615,2013003776
atacseq,11809629756,merged_lib_bigwig,local,45961,2012971008
atacseq,11809629756,merged_lib_bigwig,n1,63231,2013036544
atacseq,11809629756,merged_lib_bigwig,n2,50132,2012737536
atacseq,11809629756,merged_lib_macs2,asok01,107635,189714432
atacseq,11809629756,merged_lib_macs2,asok02,106717,186736640
atacseq,11809629756,merged_lib_macs2,c2,51686,187846656
atacseq,11809629756,merged_lib_macs2,local,82474,190001152
atacseq,11809629756,merged_lib_macs2,n1,108899,189124608
atacseq,11809629756,merged_lib_macs2,n2,56752,189276160
atacseq,11809629756,merged_lib_macs2_annotate,asok01,162352,1380270080
atacseq,11809629756,merged_lib_macs2_annotate,asok02,161839,1380286464
atacseq,11809629756,merged_lib_macs2_annotate,c2,73162,1380651008
atacseq,11809629756,merged_lib_macs2_annotate,local,104506,1379880960
atacseq,11809629756,merged_lib_macs2_annotate,n1,135482,1380528128
atacseq,11809629756,merged_lib_macs2_annotate,n2,83943,1366441984
atacseq,11809629756,merged_lib_picard_metrics,asok01,92141,1296871424
atacseq,11809629756,merged_lib_picard_metrics,asok02,93794,1028096000
atacseq,11809629756,merged_lib_picard_metrics,c2,43251,1213255680
atacseq,11809629756,merged_lib_picard_metrics,local,49538,1082318848
atacseq,11809629756,merged_lib_picard_metrics,n1,56725,957321216
atacseq,11809629756,merged_lib_picard_metrics,n2,47295,954007552
atacseq,11809629756,merged_lib_plotfingerprint,asok01,68960,1089318912
atacseq,11809629756,merged_lib_plotfingerprint,asok02,65281,1089478656
atacseq,11809629756,merged_lib_plotfingerprint,c2,35960,1088249856
atacseq,11809629756,merged_lib_plotfingerprint,local,52075,1089654784
atacseq,11809629756,merged_lib_plotfingerprint,n1,56773,1089519616
atacseq,11809629756,merged_lib_plotfingerprint,n2,40543,844283904
atacseq,11809629756,merged_lib_plotprofile,asok01,685557,2182045696
atacseq,11809629756,merged_lib_plotprofile,asok02,692087,2134151168
atacseq,11809629756,merged_lib_plotprofile,c2,387445,2156797952
atacseq,11809629756,merged_lib_plotprofile,local,697137,2187583488
atacseq,11809629756,merged_lib_plotprofile,n1,662946,2160836608
atacseq,11809629756,merged_lib_plotprofile,n2,433868,2185965568
atacseq,11809629756,sort_bam,asok01,483835,5625057280
atacseq,11809629756,sort_bam,asok02,436313,5624893440
atacseq,11809629756,sort_bam,c2,186390,5624922112
atacseq,11809629756,sort_bam,local,296513,5623050240
atacseq,11809629756,sort_bam,n1,291693,5624725504
atacseq,11809629756,sort_bam,n2,214925,5624729600
atacseq,11809629756,trimgalore,asok01,1169295,3291336704
atacseq,11809629756,trimgalore,asok02,1164418,3287318528
atacseq,11809629756,trimgalore,c2,732635,3292442624
atacseq,11809629756,trimgalore,local,880592,3299065856
atacseq,11809629756,trimgalore,n1,1112566,3297910784
atacseq,11809629756,trimgalore,n2,834361,3301187584
atacseq,14091675276,bwa_mem,asok01,3182334,7582994432
atacseq,14091675276,bwa_mem,asok02,3181945,7581638656
atacseq,14091675276,bwa_mem,c2,1948343,7585083392
atacseq,14091675276,bwa_mem,local,2114316,7587557376
atacseq,14091675276,bwa_mem,n2,2257694,7585034240
atacseq,14091675276,fastqc,asok01,667187,1084698624
atacseq,14091675276,fastqc,asok02,663222,1037787136
atacseq,14091675276,fastqc,c2,284575,1039847424
atacseq,14091675276,fastqc,local,334510,1049276416
atacseq,14091675276,fastqc,n2,342143,1039650816
atacseq,14091675276,merged_lib_ataqv,asok01,421254,112160768
atacseq,14091675276,merged_lib_ataqv,asok02,428512,112504832
atacseq,14091675276,merged_lib_ataqv,c2,215170,112185344
atacseq,14091675276,merged_lib_ataqv,local,382703,111513600
atacseq,14091675276,merged_lib_ataqv,n2,240503,111898624
atacseq,14091675276,merged_lib_bam,asok01,2565816,8958844928
atacseq,14091675276,merged_lib_bam,asok02,2550300,8936517632
atacseq,14091675276,merged_lib_bam,c2,1080698,9790480384
atacseq,14091675276,merged_lib_bam,local,1430849,8481886208
atacseq,14091675276,merged_lib_bam,n2,1213841,8426811392
atacseq,14091675276,merged_lib_bam_filter,asok01,1776545,5602676736
atacseq,14091675276,merged_lib_bam_filter,asok02,1701536,5602570240
atacseq,14091675276,merged_lib_bam_filter,c2,898087,5602533376
atacseq,14091675276,merged_lib_bam_filter,local,1146497,5602422784
atacseq,14091675276,merged_lib_bam_filter,n2,1039672,5602148352
atacseq,14091675276,merged_lib_bam_remove_orphan,asok01,1083819,5603426304
atacseq,14091675276,merged_lib_bam_remove_orphan,asok02,995779,5603467264
atacseq,14091675276,merged_lib_bam_remove_orphan,c2,472510,5602975744
atacseq,14091675276,merged_lib_bam_remove_orphan,local,664861,5603123200
atacseq,14091675276,merged_lib_bam_remove_orphan,n2,538109,5603348480
atacseq,14091675276,merged_lib_bigwig,asok01,535516,2013933568
atacseq,14091675276,merged_lib_bigwig,asok02,527931,2014351360
atacseq,14091675276,merged_lib_bigwig,c2,257071,2013925376
atacseq,14091675276,merged_lib_bigwig,local,315432,2013712384
atacseq,14091675276,merged_lib_bigwig,n2,285967,2013941760
atacseq,14091675276,merged_lib_macs2,asok01,1015040,1090306048
atacseq,14091675276,merged_lib_macs2,asok02,1001873,1090174976
atacseq,14091675276,merged_lib_macs2,c2,489911,1088114688
atacseq,14091675276,merged_lib_macs2,local,731928,1091096576
atacseq,14091675276,merged_lib_macs2,n2,562031,1082691584
atacseq,14091675276,merged_lib_macs2_annotate,asok01,173297,1558347776
atacseq,14091675276,merged_lib_macs2_annotate,asok02,172637,1558265856
atacseq,14091675276,merged_lib_macs2_annotate,c2,77292,1546432512
atacseq,14091675276,merged_lib_macs2_annotate,local,112409,1557942272
atacseq,14091675276,merged_lib_macs2_annotate,n2,91361,1546620928
atacseq,14091675276,merged_lib_picard_metrics,asok01,562006,1213689856
atacseq,14091675276,merged_lib_picard_metrics,asok02,563648,1269239808
atacseq,14091675276,merged_lib_picard_metrics,c2,237467,1023311872
atacseq,14091675276,merged_lib_picard_metrics,local,314010,1353596928
atacseq,14091675276,merged_lib_picard_metrics,n2,274129,1739558912
atacseq,14091675276,merged_lib_plotfingerprint,asok01,154342,1134428160
atacseq,14091675276,merged_lib_plotfingerprint,asok02,142295,1134010368
atacseq,14091675276,merged_lib_plotfingerprint,c2,74322,800161792
atacseq,14091675276,merged_lib_plotfingerprint,local,107608,1053188096
atacseq,14091675276,merged_lib_plotfingerprint,n2,85266,1053671424
atacseq,14091675276,merged_lib_plotprofile,asok01,711895,2234126336
atacseq,14091675276,merged_lib_plotprofile,asok02,709494,2141724672
atacseq,14091675276,merged_lib_plotprofile,c2,388688,2135629824
atacseq,14091675276,merged_lib_plotprofile,local,704129,2172837888
atacseq,14091675276,merged_lib_plotprofile,n2,445957,2126405632
atacseq,14091675276,sort_bam,asok01,789306,5644894208
atacseq,14091675276,sort_bam,asok02,620208,5645119488
atacseq,14091675276,sort_bam,c2,313865,5645107200
atacseq,14091675276,sort_bam,local,438521,5645139968
atacseq,14091675276,sort_bam,n2,400835,5645185024
atacseq,14091675276,trimgalore,asok01,1446057,3432005632
atacseq,14091675276,trimgalore,asok02,1457037,3421229056
atacseq,14091675276,trimgalore,c2,930799,3455451136
atacseq,14091675276,trimgalore,local,1088781,3420835840
atacseq,14091675276,trimgalore,n2,1057689,3428126720
bacass,3637252230,nfcore_bacass:bacass:fastqc,asok01,106000,1492434944
bacass,3637252230,nfcore_bacass:bacass:fastqc,asok02,105000,1538633728
bacass,3637252230,nfcore_bacass:bacass:fastqc,c2,50000,1560313856
bacass,3637252230,nfcore_bacass:bacass:fastqc,local,50000,1439453184
bacass,3637252230,nfcore_bacass:bacass:fastqc,n1,65000,1452531712
bacass,3637252230,nfcore_bacass:bacass:fastqc,n2,56000,1437118464
bacass,3637252230,nfcore_bacass:bacass:kraken2,asok01,201000,8476188672
bacass,3637252230,nfcore_bacass:bacass:kraken2,asok02,146000,8480538624
bacass,3637252230,nfcore_bacass:bacass:kraken2,c2,128000,8481193984
bacass,3637252230,nfcore_bacass:bacass:kraken2,local,216000,8470454272
bacass,3637252230,nfcore_bacass:bacass:kraken2,n1,410000,8506855424
bacass,3637252230,nfcore_bacass:bacass:kraken2,n2,430000,8474189824
bacass,3637252230,nfcore_bacass:bacass:prokka,asok01,384000,262668288
bacass,3637252230,nfcore_bacass:bacass:prokka,asok02,402000,265789440
bacass,3637252230,nfcore_bacass:bacass:prokka,c2,237000,263245824
bacass,3637252230,nfcore_bacass:bacass:prokka,local,220000,255795200
bacass,3637252230,nfcore_bacass:bacass:prokka,n1,326000,264368128
bacass,3637252230,nfcore_bacass:bacass:prokka,n2,265000,258662400
bacass,3637252230,nfcore_bacass:bacass:skewer,asok01,2442000,11210752
bacass,3637252230,nfcore_bacass:bacass:skewer,asok02,2433000,10424320
bacass,3637252230,nfcore_bacass:bacass:skewer,c2,1883000,10559488
bacass,3637252230,nfcore_bacass:bacass:skewer,local,1807000,10870784
bacass,3637252230,nfcore_bacass:bacass:skewer,n1,2645000,10989568
bacass,3637252230,nfcore_bacass:bacass:skewer,n2,2109000,10461184
bacass,3637252230,nfcore_bacass:bacass:unicycler,asok01,24154000,7597780992
bacass,3637252230,nfcore_bacass:bacass:unicycler,asok02,24045000,7586791424
bacass,3637252230,nfcore_bacass:bacass:unicycler,c2,8319000,7596421120
bacass,3637252230,nfcore_bacass:bacass:unicycler,local,12552000,7595675648
bacass,3637252230,nfcore_bacass:bacass:unicycler,n1,10906000,7591505920
bacass,3637252230,nfcore_bacass:bacass:unicycler,n2,9242000,7590080512
bacass,4352562006,nfcore_bacass:bacass:fastqc,asok01,125000,1512042496
bacass,4352562006,nfcore_bacass:bacass:fastqc,asok02,124000,1563148288
bacass,4352562006,nfcore_bacass:bacass:fastqc,c2,60000,1495166976
bacass,4352562006,nfcore_bacass:bacass:fastqc,local,60000,1432481792
bacass,4352562006,nfcore_bacass:bacass:fastqc,n1,78000,1553539072
bacass,4352562006,nfcore_bacass:bacass:fastqc,n2,66000,1435787264
bacass,4352562006,nfcore_bacass:bacass:kraken2,asok01,228000,8482824192
bacass,4352562006,nfcore_bacass:bacass:kraken2,asok02,172000,8487817216
bacass,4352562006,nfcore_bacass:bacass:kraken2,c2,165000,8477872128
bacass,4352562006,nfcore_bacass:bacass:kraken2,local,242000,8481968128
bacass,4352562006,nfcore_bacass:bacass:kraken2,n1,506000,8485728256
bacass,4352562006,nfcore_bacass:bacass:kraken2,n2,375000,8486318080
bacass,4352562006,nfcore_bacass:bacass:prokka,asok01,400000,285396992
bacass,4352562006,nfcore_bacass:bacass:prokka,asok02,399000,283074560
bacass,4352562006,nfcore_bacass:bacass:prokka,c2,226000,284938240
bacass,4352562006,nfcore_bacass:bacass:prokka,local,249000,284831744
bacass,4352562006,nfcore_bacass:bacass:prokka,n1,344000,284954624
bacass,4352562006,nfcore_bacass:bacass:prokka,n2,241000,285134848
bacass,4352562006,nfcore_bacass:bacass:skewer,asok01,2962000,10637312
bacass,4352562006,nfcore_bacass:bacass:skewer,asok02,2945000,10874880
bacass,4352562006,nfcore_bacass:bacass:skewer,c2,2274000,11186176
bacass,4352562006,nfcore_bacass:bacass:skewer,local,2190000,10407936
bacass,4352562006,nfcore_bacass:bacass:skewer,n1,3224000,10821632
bacass,4352562006,nfcore_bacass:bacass:skewer,n2,2557000,10637312
bacass,4352562006,nfcore_bacass:bacass:unicycler,asok01,22599000,7603707904
bacass,4352562006,nfcore_bacass:bacass:unicycler,asok02,22401000,7602700288
bacass,4352562006,nfcore_bacass:bacass:unicycler,c2,7923000,7602978816
bacass,4352562006,nfcore_bacass:bacass:unicycler,local,11932000,7600472064
bacass,4352562006,nfcore_bacass:bacass:unicycler,n1,10743000,7600697344
bacass,4352562006,nfcore_bacass:bacass:unicycler,n2,8915000,7602155520
chipseq,3793245764,bigwig,asok01,382303,2014171136
chipseq,3793245764,bigwig,asok02,405366,2014502912
chipseq,3793245764,bigwig,c2,168481,2013646848
chipseq,3793245764,bigwig,n1,262667,2013724672
chipseq,3793245764,bigwig,n2,192867,2013806592
chipseq,3793245764,bwa_mem,asok01,1050372,9350746112
chipseq,3793245764,bwa_mem,asok02,1073734,9354211328
chipseq,3793245764,bwa_mem,c2,645082,9335717888
chipseq,3793245764,bwa_mem,n1,832197,9334620160
chipseq,3793245764,bwa_mem,n2,699047,9330647040
chipseq,3793245764,fastqc,asok01,160035,1081032704
chipseq,3793245764,fastqc,asok02,158790,1128468480
chipseq,3793245764,fastqc,c2,79548,1040723968
chipseq,3793245764,fastqc,n1,102711,1093517312
chipseq,3793245764,fastqc,n2,88481,1042452480
chipseq,3793245764,merged_bam,asok01,702429,8043687936
chipseq,3793245764,merged_bam,asok02,712734,7906521088
chipseq,3793245764,merged_bam,c2,323957,7926411264
chipseq,3793245764,merged_bam,n1,439943,8261308416
chipseq,3793245764,merged_bam,n2,363231,7899070464
chipseq,3793245764,merged_bam_filter,asok01,371869,18087936
chipseq,3793245764,merged_bam_filter,asok02,370514,18911232
chipseq,3793245764,merged_bam_filter,c2,224180,14995456
chipseq,3793245764,merged_bam_filter,n1,350063,19550208
chipseq,3793245764,merged_bam_filter,n2,248691,16818176
chipseq,3793245764,phantompeakqualtools,asok01,667324,811053056
chipseq,3793245764,phantompeakqualtools,asok02,660962,811065344
chipseq,3793245764,phantompeakqualtools,c2,283442,811130880
chipseq,3793245764,phantompeakqualtools,n1,405178,811479040
chipseq,3793245764,phantompeakqualtools,n2,308038,811425792
chipseq,3793245764,picard_metrics,asok01,135756,1223139328
chipseq,3793245764,picard_metrics,asok02,133701,1046708224
chipseq,3793245764,picard_metrics,c2,88327,1250144256
chipseq,3793245764,picard_metrics,n1,102844,1236742144
chipseq,3793245764,picard_metrics,n2,93759,1223610368
chipseq,3793245764,plotprofile,asok01,700124,2200571904
chipseq,3793245764,plotprofile,asok02,720617,2212405248
chipseq,3793245764,plotprofile,c2,394245,2244972544
chipseq,3793245764,plotprofile,n1,701564,2178977792
chipseq,3793245764,plotprofile,n2,442166,2246275072
chipseq,3793245764,preseq,asok01,274133,15024128
chipseq,3793245764,preseq,asok02,273036,15929344
chipseq,3793245764,preseq,c2,129116,13807616
chipseq,3793245764,preseq,n1,217961,12013568
chipseq,3793245764,preseq,n2,147131,18968576
chipseq,3793245764,sort_bam,asok01,175859,5755756544
chipseq,3793245764,sort_bam,asok02,172728,5755826176
chipseq,3793245764,sort_bam,c2,95919,5755457536
chipseq,3793245764,sort_bam,n1,139614,5755723776
chipseq,3793245764,sort_bam,n2,111278,5755617280
chipseq,3793245764,trimgalore,asok01,295951,2109423616
chipseq,3793245764,trimgalore,asok02,306091,2122973184
chipseq,3793245764,trimgalore,c2,181765,2254684160
chipseq,3793245764,trimgalore,n1,260790,2152996864
chipseq,3793245764,trimgalore,n2,196891,2132058112
chipseq,4605965334,bigwig,asok01,402579,2014048256
chipseq,4605965334,bigwig,asok02,401364,2014429184
chipseq,4605965334,bigwig,c2,176889,2013966336
chipseq,4605965334,bigwig,local,215426,2014191616
chipseq,4605965334,bigwig,n1,279341,2013929472
chipseq,4605965334,bigwig,n2,194211,2013892608
chipseq,4605965334,bwa_mem,asok01,1381565,9852297216
chipseq,4605965334,bwa_mem,asok02,1381994,9867124736
chipseq,4605965334,bwa_mem,c2,831249,9846435840
chipseq,4605965334,bwa_mem,local,914792,9857683456
chipseq,4605965334,bwa_mem,n1,1213221,9848369152
chipseq,4605965334,bwa_mem,n2,980985,9857454080
chipseq,4605965334,fastqc,asok01,195619,1044635648
chipseq,4605965334,fastqc,asok02,193665,1038258176
chipseq,4605965334,fastqc,c2,86255,1155186688
chipseq,4605965334,fastqc,local,94321,1041981440
chipseq,4605965334,fastqc,n1,121410,1040355328
chipseq,4605965334,fastqc,n2,101362,1119932416
chipseq,4605965334,merged_bam,asok01,860910,8494297088
chipseq,4605965334,merged_bam,asok02,847603,8504152064
chipseq,4605965334,merged_bam,c2,376284,8484118528
chipseq,4605965334,merged_bam,local,476545,8483893248
chipseq,4605965334,merged_bam,n1,498359,8485498880
chipseq,4605965334,merged_bam,n2,417467,8476819456
chipseq,4605965334,merged_bam_filter,asok01,394827,19046400
chipseq,4605965334,merged_bam_filter,asok02,394226,19566592
chipseq,4605965334,merged_bam_filter,c2,229348,14094336
chipseq,4605965334,merged_bam_filter,local,279760,14057472
chipseq,4605965334,merged_bam_filter,n1,353312,20963328
chipseq,4605965334,merged_bam_filter,n2,255325,20262912
chipseq,4605965334,phantompeakqualtools,asok01,688502,867262464
chipseq,4605965334,phantompeakqualtools,asok02,696581,867016704
chipseq,4605965334,phantompeakqualtools,c2,292150,867115008
chipseq,4605965334,phantompeakqualtools,local,395745,866967552
chipseq,4605965334,phantompeakqualtools,n1,412111,866852864
chipseq,4605965334,phantompeakqualtools,n2,317804,866926592
chipseq,4605965334,picard_metrics,asok01,147104,927199232
chipseq,4605965334,picard_metrics,asok02,143740,1222500352
chipseq,4605965334,picard_metrics,c2,67978,913522688
chipseq,4605965334,picard_metrics,local,76515,1282600960
chipseq,4605965334,picard_metrics,n1,84029,905752576
chipseq,4605965334,picard_metrics,n2,77677,1212358656
chipseq,4605965334,plotprofile,asok01,715064,2191540224
chipseq,4605965334,plotprofile,asok02,704603,2203738112
chipseq,4605965334,plotprofile,c2,390378,2229174272
chipseq,4605965334,plotprofile,local,686830,2203193344
chipseq,4605965334,plotprofile,n1,689343,2185728000
chipseq,4605965334,plotprofile,n2,438403,2191360000
chipseq,4605965334,preseq,asok01,325110,19357696
chipseq,4605965334,preseq,asok02,329901,10170368
chipseq,4605965334,preseq,c2,149641,10072064
chipseq,4605965334,preseq,local,204363,10280960
chipseq,4605965334,preseq,n1,234492,10096640
chipseq,4605965334,preseq,n2,166159,10174464
chipseq,4605965334,sort_bam,asok01,237082,5752692736
chipseq,4605965334,sort_bam,asok02,204508,5753253888
chipseq,4605965334,sort_bam,c2,108320,5752315904
chipseq,4605965334,sort_bam,local,149323,5752778752
chipseq,4605965334,sort_bam,n1,143951,5752729600
chipseq,4605965334,sort_bam,n2,116210,5752373248
chipseq,4605965334,trimgalore,asok01,351919,2832822272
chipseq,4605965334,trimgalore,asok02,357182,2916618240
chipseq,4605965334,trimgalore,c2,205947,2883117056
chipseq,4605965334,trimgalore,local,251051,2800607232
chipseq,4605965334,trimgalore,n1,303999,2859786240
chipseq,4605965334,trimgalore,n2,243848,2793848832
chipseq,4807293396,bigwig,asok01,115168,2013573120
chipseq,4807293396,bigwig,asok02,116236,2013614080
chipseq,4807293396,bigwig,c2,50996,2013679616
chipseq,4807293396,bigwig,local,56092,2013425664
chipseq,4807293396,bigwig,n1,75089,2013569024
chipseq,4807293396,bigwig,n2,57414,2013360128
chipseq,4807293396,bwa_mem,asok01,1404783,9778204672
chipseq,4807293396,bwa_mem,asok02,1340332,9776295936
chipseq,4807293396,bwa_mem,c2,806125,9778372608
chipseq,4807293396,bwa_mem,local,880230,9780850688
chipseq,4807293396,bwa_mem,n1,1166296,9774727168
chipseq,4807293396,bwa_mem,n2,938399,9775783936
chipseq,4807293396,fastqc,asok01,212568,1042681856
chipseq,4807293396,fastqc,asok02,205604,1076424704
chipseq,4807293396,fastqc,c2,108715,1062416384
chipseq,4807293396,fastqc,local,100370,1040834560
chipseq,4807293396,fastqc,n1,127396,1152876544
chipseq,4807293396,fastqc,n2,109302,1042313216
chipseq,4807293396,macs2,asok01,310163,806551552
chipseq,4807293396,macs2,asok02,289223,806535168
chipseq,4807293396,macs2,c2,154582,806117376
chipseq,4807293396,macs2,local,245907,806547456
chipseq,4807293396,macs2,n1,309297,806182912
chipseq,4807293396,macs2,n2,166725,805957632
chipseq,4807293396,macs2_annotate,asok01,166582,1415933952
chipseq,4807293396,macs2_annotate,asok02,165804,1415458816
chipseq,4807293396,macs2_annotate,c2,71198,1414483968
chipseq,4807293396,macs2_annotate,local,105607,1405702144
chipseq,4807293396,macs2_annotate,n1,139163,1414955008
chipseq,4807293396,macs2_annotate,n2,79117,1415348224
chipseq,4807293396,merged_bam,asok01,819507,8501190656
chipseq,4807293396,merged_bam,asok02,814776,8500473856
chipseq,4807293396,merged_bam,c2,341959,8510525440
chipseq,4807293396,merged_bam,local,443374,8511959040
chipseq,4807293396,merged_bam,n1,450543,8503214080
chipseq,4807293396,merged_bam,n2,389444,8510156800
chipseq,4807293396,merged_bam_filter,asok01,104887,14417920
chipseq,4807293396,merged_bam_filter,asok02,104432,14356480
chipseq,4807293396,merged_bam_filter,c2,60040,14155776
chipseq,4807293396,merged_bam_filter,local,72589,14073856
chipseq,4807293396,merged_bam_filter,n1,92316,16314368
chipseq,4807293396,merged_bam_filter,n2,66370,14049280
chipseq,4807293396,phantompeakqualtools,asok01,150819,311300096
chipseq,4807293396,phantompeakqualtools,asok02,152047,310685696
chipseq,4807293396,phantompeakqualtools,c2,66912,310906880
chipseq,4807293396,phantompeakqualtools,local,92554,310792192
chipseq,4807293396,phantompeakqualtools,n1,96886,311037952
chipseq,4807293396,phantompeakqualtools,n2,75395,310894592
chipseq,4807293396,picard_metrics,asok01,56096,900321280
chipseq,4807293396,picard_metrics,asok02,57686,903999488
chipseq,4807293396,picard_metrics,c2,27327,916340736
chipseq,4807293396,picard_metrics,local,29075,906207232
chipseq,4807293396,picard_metrics,n1,35264,1040162816
chipseq,4807293396,picard_metrics,n2,32711,1065504768
chipseq,4807293396,plotfingerprint,asok01,214594,1339203584
chipseq,4807293396,plotfingerprint,asok02,216047,1335054336
chipseq,4807293396,plotfingerprint,c2,122555,1335382016
chipseq,4807293396,plotfingerprint,local,158125,1336102912
chipseq,4807293396,plotfingerprint,n1,171337,1335664640
chipseq,4807293396,plotfingerprint,n2,129807,1336070144
chipseq,4807293396,plotprofile,asok01,693993,2254839808
chipseq,4807293396,plotprofile,asok02,724755,2265931776
chipseq,4807293396,plotprofile,c2,382913,2162728960
chipseq,4807293396,plotprofile,local,683413,2295889920
chipseq,4807293396,plotprofile,n1,690224,2219331584
chipseq,4807293396,plotprofile,n2,434666,2055372800
chipseq,4807293396,preseq,asok01,333272,16289792
chipseq,4807293396,preseq,asok02,334142,14848000
chipseq,4807293396,preseq,c2,156455,19632128
chipseq,4807293396,preseq,local,210438,12238848
chipseq,4807293396,preseq,n1,241841,13168640
chipseq,4807293396,preseq,n2,171222,10129408
chipseq,4807293396,sort_bam,asok01,230306,5759315968
chipseq,4807293396,sort_bam,asok02,189716,5759746048
chipseq,4807293396,sort_bam,c2,92304,5759275008
chipseq,4807293396,sort_bam,local,137328,5759115264
chipseq,4807293396,sort_bam,n1,133082,5759283200
chipseq,4807293396,sort_bam,n2,104996,5759610880
chipseq,4807293396,trimgalore,asok01,376790,3100135424
chipseq,4807293396,trimgalore,asok02,381735,3077087232
chipseq,4807293396,trimgalore,c2,220952,3016290304
chipseq,4807293396,trimgalore,local,275099,2954379264
chipseq,4807293396,trimgalore,n1,331973,2964987904
chipseq,4807293396,trimgalore,n2,260326,3067981824
chipseq,5058052541,bigwig,asok01,133966,2013626368
chipseq,5058052541,bigwig,asok02,142539,2013548544
chipseq,5058052541,bigwig,c2,61686,2013138944
chipseq,5058052541,bigwig,n1,92000,2013515776
chipseq,5058052541,bigwig,n2,69154,2013233152
chipseq,5058052541,bwa_mem,asok01,1398196,9642422272
chipseq,5058052541,bwa_mem,asok02,1394047,9637007360
chipseq,5058052541,bwa_mem,c2,799734,9613205504
chipseq,5058052541,bwa_mem,n1,1090493,9622196224
chipseq,5058052541,bwa_mem,n2,913317,9618460672
chipseq,5058052541,fastqc,asok01,215538,1086550016
chipseq,5058052541,fastqc,asok02,216555,1042132992
chipseq,5058052541,fastqc,c2,107319,1084923904
chipseq,5058052541,fastqc,n1,270564,1043673088
chipseq,5058052541,fastqc,n2,260415,1042137088
chipseq,5058052541,macs2,asok01,301571,801746944
chipseq,5058052541,macs2,asok02,313507,787173376
chipseq,5058052541,macs2,c2,158675,800899072
chipseq,5058052541,macs2,n1,335163,787668992
chipseq,5058052541,macs2,n2,178025,801820672
chipseq,5058052541,macs2_annotate,asok01,168746,1458937856
chipseq,5058052541,macs2_annotate,asok02,170153,1458950144
chipseq,5058052541,macs2_annotate,c2,72568,1459724288
chipseq,5058052541,macs2_annotate,n1,139671,1459843072
chipseq,5058052541,macs2_annotate,n2,80800,1445879808
chipseq,5058052541,merged_bam,asok01,867493,8711839744
chipseq,5058052541,merged_bam,asok02,879835,8718774272
chipseq,5058052541,merged_bam,c2,376410,8714084352
chipseq,5058052541,merged_bam,n1,520103,8731865088
chipseq,5058052541,merged_bam,n2,420613,8716931072
chipseq,5058052541,merged_bam_filter,asok01,126950,20660224
chipseq,5058052541,merged_bam_filter,asok02,126184,22200320
chipseq,5058052541,merged_bam_filter,c2,74592,13869056
chipseq,5058052541,merged_bam_filter,n1,117941,20230144
chipseq,5058052541,merged_bam_filter,n2,83497,14016512
chipseq,5058052541,phantompeakqualtools,asok01,186375,396873728
chipseq,5058052541,phantompeakqualtools,asok02,189927,396718080
chipseq,5058052541,phantompeakqualtools,c2,83895,394260480
chipseq,5058052541,phantompeakqualtools,n1,121926,394260480
chipseq,5058052541,phantompeakqualtools,n2,90297,394231808
chipseq,5058052541,picard_metrics,asok01,63528,950947840
chipseq,5058052541,picard_metrics,asok02,68415,966787072
chipseq,5058052541,picard_metrics,c2,30948,954449920
chipseq,5058052541,picard_metrics,n1,45881,1069723648
chipseq,5058052541,picard_metrics,n2,40779,1077370880
chipseq,5058052541,plotfingerprint,asok01,230457,1337622528
chipseq,5058052541,plotfingerprint,asok02,228910,1337655296
chipseq,5058052541,plotfingerprint,c2,139512,1336885248
chipseq,5058052541,plotfingerprint,n1,195048,1340997632
chipseq,5058052541,plotfingerprint,n2,143544,1338613760
chipseq,5058052541,plotprofile,asok01,708096,2317455360
chipseq,5058052541,plotprofile,asok02,716033,2237296640
chipseq,5058052541,plotprofile,c2,380743,2185568256
chipseq,5058052541,plotprofile,n1,691319,2157899776
chipseq,5058052541,plotprofile,n2,437510,2175213568
chipseq,5058052541,preseq,asok01,349396,11567104
chipseq,5058052541,preseq,asok02,351798,17408000
chipseq,5058052541,preseq,c2,167643,14450688
chipseq,5058052541,preseq,n1,277411,10235904
chipseq,5058052541,preseq,n2,187124,19304448
chipseq,5058052541,sort_bam,asok01,203356,5759668224
chipseq,5058052541,sort_bam,asok02,196974,5759389696
chipseq,5058052541,sort_bam,c2,97107,5759172608
chipseq,5058052541,sort_bam,n1,147662,5759475712
chipseq,5058052541,sort_bam,n2,109359,5759524864
chipseq,5058052541,trimgalore,asok01,408235,3328184320
chipseq,5058052541,trimgalore,asok02,420173,3330813952
chipseq,5058052541,trimgalore,c2,248202,3519377408
chipseq,5058052541,trimgalore,n1,353945,3336454144
chipseq,5058052541,trimgalore,n2,270972,3508989952
chipseq,32978181418,bigwig,asok01,1786783,2016780288
chipseq,32978181418,bigwig,asok02,1762852,2016768000
chipseq,32978181418,bigwig,c2,782519,2015649792
chipseq,32978181418,bigwig,local,1018233,2016550912
chipseq,32978181418,bigwig,n1,1082030,2016346112
chipseq,32978181418,bigwig,n2,892453,2016641024
chipseq,32978181418,bwa_mem,asok01,8392209,9325637632
chipseq,32978181418,bwa_mem,asok02,8388920,9329078272
chipseq,32978181418,bwa_mem,c2,5115989,9326989312
chipseq,32978181418,bwa_mem,local,5486289,9322647552
chipseq,32978181418,bwa_mem,n1,6838246,9325768704
chipseq,32978181418,bwa_mem,n2,5465252,9316454400
chipseq,32978181418,fastqc,asok01,1361699,1038020608
chipseq,32978181418,fastqc,asok02,1373082,1041186816
chipseq,32978181418,fastqc,c2,598362,1037647872
chipseq,32978181418,fastqc,local,665408,1037496320
chipseq,32978181418,fastqc,n1,788534,1035862016
chipseq,32978181418,fastqc,n2,663425,1036976128
chipseq,32978181418,macs2,asok01,3116958,4956614656
chipseq,32978181418,macs2,asok02,2664105,4956549120
chipseq,32978181418,macs2,c2,1419676,4950138880
chipseq,32978181418,macs2,local,2328379,4957224960
chipseq,32978181418,macs2,n1,1850454,4956291072
chipseq,32978181418,macs2,n2,1672857,4952559616
chipseq,32978181418,macs2_annotate,asok01,161926,1344782336
chipseq,32978181418,macs2_annotate,asok02,160002,1344851968
chipseq,32978181418,macs2_annotate,c2,73444,1344376832
chipseq,32978181418,macs2_annotate,local,103666,1344303104
chipseq,32978181418,macs2_annotate,n1,90494,1344323584
chipseq,32978181418,macs2_annotate,n2,76758,1330184192
chipseq,32978181418,merged_bam,asok01,5455680,7265513472
chipseq,32978181418,merged_bam,asok02,5570354,7254069248
chipseq,32978181418,merged_bam,c2,2483675,7098195968
chipseq,32978181418,merged_bam,local,3047527,7177003008
chipseq,32978181418,merged_bam,n1,3076338,7085473792
chipseq,32978181418,merged_bam,n2,2704887,7032946688
chipseq,32978181418,merged_bam_filter,asok01,1694081,16867328
chipseq,32978181418,merged_bam_filter,asok02,1676288,22618112
chipseq,32978181418,merged_bam_filter,c2,978717,14184448
chipseq,32978181418,merged_bam_filter,local,1231180,14290944
chipseq,32978181418,merged_bam_filter,n1,1300617,22560768
chipseq,32978181418,merged_bam_filter,n2,1072915,16748544
chipseq,32978181418,phantompeakqualtools,asok01,3691876,3820408832
chipseq,32978181418,phantompeakqualtools,asok02,3460417,3820494848
chipseq,32978181418,phantompeakqualtools,c2,1519701,3830243328
chipseq,32978181418,phantompeakqualtools,local,1906970,3820990464
chipseq,32978181418,phantompeakqualtools,n1,1932365,3828502528
chipseq,32978181418,phantompeakqualtools,n2,1652355,3829747712
chipseq,32978181418,picard_metrics,asok01,572149,1216372736
chipseq,32978181418,picard_metrics,asok02,593926,1224531968
chipseq,32978181418,picard_metrics,c2,273173,1237139456
chipseq,32978181418,picard_metrics,local,308422,1226252288
chipseq,32978181418,picard_metrics,n1,317791,1229500416
chipseq,32978181418,picard_metrics,n2,312717,1223602176
chipseq,32978181418,plotfingerprint,asok01,704553,1575796736
chipseq,32978181418,plotfingerprint,asok02,457086,1562038272
chipseq,32978181418,plotfingerprint,c2,249703,1557843968
chipseq,32978181418,plotfingerprint,local,423448,1578188800
chipseq,32978181418,plotfingerprint,n1,353679,1559175168
chipseq,32978181418,plotfingerprint,n2,279695,1560334336
chipseq,32978181418,plotprofile,asok01,729722,2219139072
chipseq,32978181418,plotprofile,asok02,721744,2258092032
chipseq,32978181418,plotprofile,c2,398917,2210013184
chipseq,32978181418,plotprofile,local,696819,2229583872
chipseq,32978181418,plotprofile,n1,543532,2267910144
chipseq,32978181418,plotprofile,n2,444325,2208444416
chipseq,32978181418,preseq,asok01,3233122,20754432
chipseq,32978181418,preseq,asok02,3142692,19714048
chipseq,32978181418,preseq,c2,1239835,20402176
chipseq,32978181418,preseq,local,1780775,20951040
chipseq,32978181418,preseq,n1,1610524,19660800
chipseq,32978181418,preseq,n2,1359486,18874368
chipseq,32978181418,sort_bam,asok01,2201704,5759045632
chipseq,32978181418,sort_bam,asok02,1708997,5759094784
chipseq,32978181418,sort_bam,c2,825719,5758808064
chipseq,32978181418,sort_bam,local,1195522,5758885888
chipseq,32978181418,sort_bam,n1,959999,5759164416
chipseq,32978181418,sort_bam,n2,883779,5758988288
chipseq,32978181418,trimgalore,asok01,2555239,4319809536
chipseq,32978181418,trimgalore,asok02,2480857,4286902272
chipseq,32978181418,trimgalore,c2,1538207,4311732224
chipseq,32978181418,trimgalore,local,1766271,4295307264
chipseq,32978181418,trimgalore,n1,1975234,4320919552
chipseq,32978181418,trimgalore,n2,1638274,4314480640
chipseq,41366257414,bigwig,asok01,3214500,2019139584
chipseq,41366257414,bigwig,asok02,3023591,2019082240
chipseq,41366257414,bigwig,c2,1320428,2018979840
chipseq,41366257414,bigwig,local,1842266,2018717696
chipseq,41366257414,bigwig,n1,1815174,2018607104
chipseq,41366257414,bigwig,n2,1515296,2018566144
chipseq,41366257414,bwa_mem,asok01,10145650,9277718528
chipseq,41366257414,bwa_mem,asok02,10142779,9286750208
chipseq,41366257414,bwa_mem,c2,5979153,9267761152
chipseq,41366257414,bwa_mem,local,6634477,9271529472
chipseq,41366257414,bwa_mem,n1,7987913,9276354560
chipseq,41366257414,bwa_mem,n2,6521209,9272520704
chipseq,41366257414,fastqc,asok01,1720967,1036087296
chipseq,41366257414,fastqc,asok02,1730722,1034498048
chipseq,41366257414,fastqc,c2,786626,1038307328
chipseq,41366257414,fastqc,local,816536,1033555968
chipseq,41366257414,fastqc,n1,992528,1033576448
chipseq,41366257414,fastqc,n2,851716,1035186176
chipseq,41366257414,merged_bam,asok01,7059120,7430434816
chipseq,41366257414,merged_bam,asok02,7131154,7045140480
chipseq,41366257414,merged_bam,c2,3167084,7154556928
chipseq,41366257414,merged_bam,local,3907462,7209795584
chipseq,41366257414,merged_bam,n1,3919073,7105961984
chipseq,41366257414,merged_bam,n2,3565205,7111655424
chipseq,41366257414,merged_bam_filter,asok01,2916175,21819392
chipseq,41366257414,merged_bam_filter,asok02,2902015,24215552
chipseq,41366257414,merged_bam_filter,c2,1675295,16920576
chipseq,41366257414,merged_bam_filter,local,2037037,22884352
chipseq,41366257414,merged_bam_filter,n1,2260188,17481728
chipseq,41366257414,merged_bam_filter,n2,1871154,20668416
chipseq,41366257414,phantompeakqualtools,asok01,6378056,6320693248
chipseq,41366257414,phantompeakqualtools,asok02,6114350,6322356224
chipseq,41366257414,phantompeakqualtools,c2,2718851,6326018048
chipseq,41366257414,phantompeakqualtools,local,3286156,6322700288
chipseq,41366257414,phantompeakqualtools,n1,3394809,6324023296
chipseq,41366257414,phantompeakqualtools,n2,2927838,6319915008
chipseq,41366257414,picard_metrics,asok01,933841,1324371968
chipseq,41366257414,picard_metrics,asok02,896507,1368326144
chipseq,41366257414,picard_metrics,c2,445760,1276383232
chipseq,41366257414,picard_metrics,local,512965,1223917568
chipseq,41366257414,picard_metrics,n1,498292,1217732608
chipseq,41366257414,picard_metrics,n2,507371,1267470336
chipseq,41366257414,plotprofile,asok01,739212,2203123712
chipseq,41366257414,plotprofile,asok02,740774,2268418048
chipseq,41366257414,plotprofile,c2,414669,2235428864
chipseq,41366257414,plotprofile,local,714038,2258796544
chipseq,41366257414,plotprofile,n1,557785,2224885760
chipseq,41366257414,plotprofile,n2,455263,2207481856
chipseq,41366257414,preseq,asok01,3381702,19730432
chipseq,41366257414,preseq,asok02,3324848,18268160
chipseq,41366257414,preseq,c2,1394106,19152896
chipseq,41366257414,preseq,local,2058587,19595264
chipseq,41366257414,preseq,n1,1820611,17965056
chipseq,41366257414,preseq,n2,1534108,18206720
chipseq,41366257414,sort_bam,asok01,3030673,5745717248
chipseq,41366257414,sort_bam,asok02,2358640,5745344512
chipseq,41366257414,sort_bam,c2,1108014,5745676288
chipseq,41366257414,sort_bam,local,1676352,5745467392
chipseq,41366257414,sort_bam,n1,1276153,5745086464
chipseq,41366257414,sort_bam,n2,1174376,5745348608
chipseq,41366257414,trimgalore,asok01,3305860,4291600384
chipseq,41366257414,trimgalore,asok02,3063013,4296417280
chipseq,41366257414,trimgalore,c2,1902159,4321902592
chipseq,41366257414,trimgalore,local,2210561,4317204480
chipseq,41366257414,trimgalore,n1,2454126,4321513472
chipseq,41366257414,trimgalore,n2,2033813,4323659776
eager,8330435694,adapter_removal,asok01,804250,194977792
eager,8330435694,adapter_removal,asok02,787952,193695744
eager,8330435694,adapter_removal,c2,360589,211013632
eager,8330435694,adapter_removal,local,432899,137863168
eager,8330435694,adapter_removal,n1,524893,198856704
eager,8330435694,adapter_removal,n2,410981,148131840
eager,8330435694,bcftools_stats,asok01,12686,10502144
eager,8330435694,bcftools_stats,asok02,13496,10440704
eager,8330435694,bcftools_stats,c2,6181,10481664
eager,8330435694,bcftools_stats,local,7872,10178560
eager,8330435694,bcftools_stats,n1,8866,10416128
eager,8330435694,bcftools_stats,n2,6761,10387456
eager,8330435694,bwa,asok01,2475139,3983097856
eager,8330435694,bwa,asok02,2472877,3911446528
eager,8330435694,bwa,c2,1216631,3627200512
eager,8330435694,bwa,local,1402931,3983355904
eager,8330435694,bwa,n1,1643358,3968925696
eager,8330435694,bwa,n2,1371525,3698520064
eager,8330435694,damageprofiler,asok01,77478,1821274112
eager,8330435694,damageprofiler,asok02,76006,1795158016
eager,8330435694,damageprofiler,c2,42506,1754370048
eager,8330435694,damageprofiler,local,52131,1806290944
eager,8330435694,damageprofiler,n1,61896,1811828736
eager,8330435694,damageprofiler,n2,46466,1797894144
eager,8330435694,fastqc,asok01,272748,342253568
eager,8330435694,fastqc,asok02,230997,374931456
eager,8330435694,fastqc,c2,104115,341528576
eager,8330435694,fastqc,local,115314,350736384
eager,8330435694,fastqc,n1,154370,363778048
eager,8330435694,fastqc,n2,115828,365260800
eager,8330435694,fastqc_after_clipping,asok01,95541,344690688
eager,8330435694,fastqc_after_clipping,asok02,93527,354144256
eager,8330435694,fastqc_after_clipping,c2,48242,337772544
eager,8330435694,fastqc_after_clipping,local,52260,353705984
eager,8330435694,fastqc_after_clipping,n1,67290,350703616
eager,8330435694,fastqc_after_clipping,n2,53271,335491072
eager,8330435694,genotyping_hc,asok01,5552707,5588656128
eager,8330435694,genotyping_hc,asok02,5518887,5589917696
eager,8330435694,genotyping_hc,c2,2383971,5586153472
eager,8330435694,genotyping_hc,local,2870443,5409779712
eager,8330435694,genotyping_hc,n1,3502399,5594255360
eager,8330435694,genotyping_hc,n2,2586578,5446979584
eager,8330435694,markduplicates,asok01,95246,2863779840
eager,8330435694,markduplicates,asok02,90146,2875318272
eager,8330435694,markduplicates,c2,44565,2881585152
eager,8330435694,markduplicates,local,51812,2486988800
eager,8330435694,markduplicates,n1,57131,2883600384
eager,8330435694,markduplicates,n2,48657,2724237312
eager,8330435694,preseq,asok01,20485,7798784
eager,8330435694,preseq,asok02,19982,7954432
eager,8330435694,preseq,c2,11984,7692288
eager,8330435694,preseq,local,14330,7749632
eager,8330435694,preseq,n1,20679,7741440
eager,8330435694,preseq,n2,13518,7806976
eager,8330435694,qualimap,asok01,54600,1315364864
eager,8330435694,qualimap,asok02,50515,1282482176
eager,8330435694,qualimap,c2,21916,1256755200
eager,8330435694,qualimap,local,28895,1038356480
eager,8330435694,qualimap,n1,29012,1091215360
eager,8330435694,qualimap,n2,22970,1046495232
eager,8330435694,samtools_filter,asok01,13326,10498048
eager,8330435694,samtools_filter,asok02,13476,10797056
eager,8330435694,samtools_filter,c2,5286,10317824
eager,8330435694,samtools_filter,local,8094,10260480
eager,8330435694,samtools_filter,n1,8098,10432512
eager,8330435694,samtools_filter,n2,5742,10182656
eager,8330435694,samtools_flagstat,asok01,9957,6770688
eager,8330435694,samtools_flagstat,asok02,9898,4861952
eager,8330435694,samtools_flagstat,c2,4353,4743168
eager,8330435694,samtools_flagstat,local,5162,4726784
eager,8330435694,samtools_flagstat,n1,7080,6430720
eager,8330435694,samtools_flagstat,n2,5408,6418432
eager,8330435694,samtools_flagstat_after_filter,asok01,2804,6676480
eager,8330435694,samtools_flagstat_after_filter,asok02,2747,6524928
eager,8330435694,samtools_flagstat_after_filter,c2,1424,4616192
eager,8330435694,samtools_flagstat_after_filter,local,1617,4853760
eager,8330435694,samtools_flagstat_after_filter,n1,1877,6385664
eager,8330435694,samtools_flagstat_after_filter,n2,1577,6348800
eager,14754556884,adapter_removal,asok01,1407518,196780032
eager,14754556884,adapter_removal,asok02,1188392,187392000
eager,14754556884,adapter_removal,c2,620937,193368064
eager,14754556884,adapter_removal,n1,948548,124575744
eager,14754556884,adapter_removal,n2,713485,130641920
eager,14754556884,bcftools_stats,asok01,18941,10252288
eager,14754556884,bcftools_stats,asok02,18954,10842112
eager,14754556884,bcftools_stats,c2,9051,10866688
eager,14754556884,bcftools_stats,n1,15017,10407936
eager,14754556884,bcftools_stats,n2,11077,10485760
eager,14754556884,bwa,asok01,4569951,7103053824
eager,14754556884,bwa,asok02,4550325,6636232704
eager,14754556884,bwa,c2,2359310,6869925888
eager,14754556884,bwa,n1,3253683,7016009728
eager,14754556884,bwa,n2,2560290,6444421120
eager,14754556884,damageprofiler,asok01,123729,1955627008
eager,14754556884,damageprofiler,asok02,123999,1966133248
eager,14754556884,damageprofiler,c2,61682,1921298432
eager,14754556884,damageprofiler,n1,94913,2014584832
eager,14754556884,damageprofiler,n2,69302,2006556672
eager,14754556884,fastqc,asok01,335673,401133568
eager,14754556884,fastqc,asok02,333570,406818816
eager,14754556884,fastqc,c2,199401,389996544
eager,14754556884,fastqc,n1,279652,376692736
eager,14754556884,fastqc,n2,204493,410685440
eager,14754556884,fastqc_after_clipping,asok01,164397,392556544
eager,14754556884,fastqc_after_clipping,asok02,161443,352620544
eager,14754556884,fastqc_after_clipping,c2,85594,337604608
eager,14754556884,fastqc_after_clipping,n1,127186,386191360
eager,14754556884,fastqc_after_clipping,n2,94888,348160000
eager,14754556884,genotyping_hc,asok01,7770035,5566287872
eager,14754556884,genotyping_hc,asok02,7709811,5568385024
eager,14754556884,genotyping_hc,c2,3318117,5570674688
eager,14754556884,genotyping_hc,n1,5451079,5447598080
eager,14754556884,genotyping_hc,n2,3657452,5376614400
eager,14754556884,markduplicates,asok01,132963,2566746112
eager,14754556884,markduplicates,asok02,131682,2563231744
eager,14754556884,markduplicates,c2,68289,3035201536
eager,14754556884,markduplicates,n1,97270,3022913536
eager,14754556884,markduplicates,n2,77399,2983964672
eager,14754556884,preseq,asok01,34671,7938048
eager,14754556884,preseq,asok02,34287,7946240
eager,14754556884,preseq,c2,20218,7766016
eager,14754556884,preseq,n1,33445,7327744
eager,14754556884,preseq,n2,21823,7811072
eager,14754556884,qualimap,asok01,63305,1596760064
eager,14754556884,qualimap,asok02,64447,1559977984
eager,14754556884,qualimap,c2,35282,1222868992
eager,14754556884,qualimap,n1,42400,1408770048
eager,14754556884,qualimap,n2,31979,1179734016
eager,14754556884,samtools_filter,asok01,21751,10522624
eager,14754556884,samtools_filter,asok02,18421,11460608
eager,14754556884,samtools_filter,c2,10960,10534912
eager,14754556884,samtools_filter,n1,12875,10326016
eager,14754556884,samtools_filter,n2,9906,10858496
eager,14754556884,samtools_flagstat,asok01,16920,6602752
eager,14754556884,samtools_flagstat,asok02,16898,6737920
eager,14754556884,samtools_flagstat,c2,9206,6746112
eager,14754556884,samtools_flagstat,n1,15515,6299648
eager,14754556884,samtools_flagstat,n2,11799,6565888
eager,14754556884,samtools_flagstat_after_filter,asok01,4629,6483968
eager,14754556884,samtools_flagstat_after_filter,asok02,4562,6766592
eager,14754556884,samtools_flagstat_after_filter,c2,2382,6709248
eager,14754556884,samtools_flagstat_after_filter,n1,3638,6287360
eager,14754556884,samtools_flagstat_after_filter,n2,2772,6402048
eager,19075314980,adapter_removal,asok01,1487290,196902912
eager,19075314980,adapter_removal,asok02,1242732,192679936
eager,19075314980,adapter_removal,c2,665583,196931584
eager,19075314980,adapter_removal,n1,1023123,130191360
eager,19075314980,adapter_removal,n2,753066,130203648
eager,19075314980,bcftools_stats,asok01,20088,10436608
eager,19075314980,bcftools_stats,asok02,18119,10584064
eager,19075314980,bcftools_stats,c2,9288,10940416
eager,19075314980,bcftools_stats,n1,15299,10301440
eager,19075314980,bcftools_stats,n2,11154,10493952
eager,19075314980,bwa,asok01,5526589,7908585472
eager,19075314980,bwa,asok02,5525156,7909220352
eager,19075314980,bwa,c2,2829641,7909203968
eager,19075314980,bwa,n1,3919803,7908859904
eager,19075314980,bwa,n2,3139624,7908384768
eager,19075314980,damageprofiler,asok01,131503,2019680256
eager,19075314980,damageprofiler,asok02,130111,2011258880
eager,19075314980,damageprofiler,c2,72479,2043641856
eager,19075314980,damageprofiler,n1,98953,2015633408
eager,19075314980,damageprofiler,n2,73792,2034741248
eager,19075314980,fastqc,asok01,423689,383787008
eager,19075314980,fastqc,asok02,428594,383672320
eager,19075314980,fastqc,c2,253562,416296960
eager,19075314980,fastqc,n1,304714,411041792
eager,19075314980,fastqc,n2,221676,377524224
eager,19075314980,fastqc_after_clipping,asok01,176083,362262528
eager,19075314980,fastqc_after_clipping,asok02,174504,371175424
eager,19075314980,fastqc_after_clipping,c2,92297,378122240
eager,19075314980,fastqc_after_clipping,n1,135350,355020800
eager,19075314980,fastqc_after_clipping,n2,102366,372928512
eager,19075314980,genotyping_hc,asok01,6643508,5571870720
eager,19075314980,genotyping_hc,asok02,6628652,5585924096
eager,19075314980,genotyping_hc,c2,2839781,5587664896
eager,19075314980,genotyping_hc,n1,4530912,4776337408
eager,19075314980,genotyping_hc,n2,3138085,5441540096
eager,19075314980,markduplicates,asok01,141972,2566262784
eager,19075314980,markduplicates,asok02,142272,2563846144
eager,19075314980,markduplicates,c2,72081,2568314880
eager,19075314980,markduplicates,n1,113010,3070353408
eager,19075314980,markduplicates,n2,82826,3062448128
eager,19075314980,preseq,asok01,36477,8007680
eager,19075314980,preseq,asok02,36892,7901184
eager,19075314980,preseq,c2,19789,7852032
eager,19075314980,preseq,n1,38342,7671808
eager,19075314980,preseq,n2,24849,8003584
eager,19075314980,qualimap,asok01,77284,1598365696
eager,19075314980,qualimap,asok02,79840,1535918080
eager,19075314980,qualimap,c2,32937,1545240576
eager,19075314980,qualimap,n1,45554,1480876032
eager,19075314980,qualimap,n2,33649,1465462784
eager,19075314980,samtools_filter,asok01,22147,10678272
eager,19075314980,samtools_filter,asok02,21349,11558912
eager,19075314980,samtools_filter,c2,10923,10199040
eager,19075314980,samtools_filter,n1,17634,10559488
eager,19075314980,samtools_filter,n2,10639,10346496
eager,19075314980,samtools_flagstat,asok01,18532,6492160
eager,19075314980,samtools_flagstat,asok02,18547,6651904
eager,19075314980,samtools_flagstat,c2,10063,6852608
eager,19075314980,samtools_flagstat,n1,15758,6254592
eager,19075314980,samtools_flagstat,n2,12723,6541312
eager,19075314980,samtools_flagstat_after_filter,asok01,4926,4931584
eager,19075314980,samtools_flagstat_after_filter,asok02,4908,6602752
eager,19075314980,samtools_flagstat_after_filter,c2,2413,6701056
eager,19075314980,samtools_flagstat_after_filter,n1,4002,4698112
eager,19075314980,samtools_flagstat_after_filter,n2,2916,6520832
eager,19100037384,adapter_removal,asok01,1500139,195448832
eager,19100037384,adapter_removal,asok02,1269727,193466368
eager,19100037384,adapter_removal,c2,659496,193011712
eager,19100037384,adapter_removal,n1,1003977,122908672
eager,19100037384,adapter_removal,n2,747461,128823296
eager,19100037384,bcftools_stats,asok01,18547,10485760
eager,19100037384,bcftools_stats,asok02,18098,10452992
eager,19100037384,bcftools_stats,c2,9492,10776576
eager,19100037384,bcftools_stats,n1,13312,10428416
eager,19100037384,bcftools_stats,n2,11093,10334208
eager,19100037384,bwa,asok01,5546891,7315509248
eager,19100037384,bwa,asok02,5527647,7910109184
eager,19100037384,bwa,c2,2830248,7909797888
eager,19100037384,bwa,n1,3949046,7908716544
eager,19100037384,bwa,n2,3105422,7909666816
eager,19100037384,damageprofiler,asok01,140598,2016108544
eager,19100037384,damageprofiler,asok02,131235,2022354944
eager,19100037384,damageprofiler,c2,71123,2020175872
eager,19100037384,damageprofiler,n1,102570,2029694976
eager,19100037384,damageprofiler,n2,74581,2028511232
eager,19100037384,fastqc,asok01,436302,388952064
eager,19100037384,fastqc,asok02,428705,392900608
eager,19100037384,fastqc,c2,253457,411348992
eager,19100037384,fastqc,n1,351550,399769600
eager,19100037384,fastqc,n2,256395,389877760
eager,19100037384,fastqc_after_clipping,asok01,176080,358776832
eager,19100037384,fastqc_after_clipping,asok02,174492,369000448
eager,19100037384,fastqc_after_clipping,c2,96287,350584832
eager,19100037384,fastqc_after_clipping,n1,136371,354344960
eager,19100037384,fastqc_after_clipping,n2,104297,357117952
eager,19100037384,genotyping_hc,asok01,6603045,5574238208
eager,19100037384,genotyping_hc,asok02,6524407,5593608192
eager,19100037384,genotyping_hc,c2,2870761,3028332544
eager,19100037384,genotyping_hc,n1,4566314,5395873792
eager,19100037384,genotyping_hc,n2,3203084,5425025024
eager,19100037384,markduplicates,asok01,142449,2565087232
eager,19100037384,markduplicates,asok02,148329,2561961984
eager,19100037384,markduplicates,c2,73947,2574610432
eager,19100037384,markduplicates,n1,113106,2981433344
eager,19100037384,markduplicates,n2,89545,3059089408
eager,19100037384,preseq,asok01,36450,8081408
eager,19100037384,preseq,asok02,36212,7950336
eager,19100037384,preseq,c2,21801,7905280
eager,19100037384,preseq,n1,38190,7651328
eager,19100037384,preseq,n2,24609,7917568
eager,19100037384,qualimap,asok01,68699,1592172544
eager,19100037384,qualimap,asok02,78683,1578684416
eager,19100037384,qualimap,c2,36209,1516494848
eager,19100037384,qualimap,n1,40675,1270337536
eager,19100037384,qualimap,n2,36069,1219014656
eager,19100037384,samtools_filter,asok01,20489,10256384
eager,19100037384,samtools_filter,asok02,23689,11415552
eager,19100037384,samtools_filter,c2,11760,10473472
eager,19100037384,samtools_filter,n1,13755,10117120
eager,19100037384,samtools_filter,n2,13767,10293248
eager,19100037384,samtools_flagstat,asok01,18553,6631424
eager,19100037384,samtools_flagstat,asok02,18604,6787072
eager,19100037384,samtools_flagstat,c2,10068,6725632
eager,19100037384,samtools_flagstat,n1,15285,6103040
eager,19100037384,samtools_flagstat,n2,11733,6524928
eager,19100037384,samtools_flagstat_after_filter,asok01,4996,6512640
eager,19100037384,samtools_flagstat_after_filter,asok02,5021,6602752
eager,19100037384,samtools_flagstat_after_filter,c2,2581,4739072
eager,19100037384,samtools_flagstat_after_filter,n1,3977,6193152
eager,19100037384,samtools_flagstat_after_filter,n2,2906,6524928
eager,19132169434,adapter_removal,asok01,1509824,191586304
eager,19132169434,adapter_removal,asok02,1253146,196993024
eager,19132169434,adapter_removal,c2,666477,194220032
eager,19132169434,adapter_removal,n1,1015839,132730880
eager,19132169434,adapter_removal,n2,763978,123027456
eager,19132169434,bcftools_stats,asok01,18374,10211328
eager,19132169434,bcftools_stats,asok02,18221,10768384
eager,19132169434,bcftools_stats,c2,9142,10616832
eager,19132169434,bcftools_stats,n1,15017,10231808
eager,19132169434,bcftools_stats,n2,9940,10625024
eager,19132169434,bwa,asok01,5548831,7373320192
eager,19132169434,bwa,asok02,5557892,7910563840
eager,19132169434,bwa,c2,2862808,6909566976
eager,19132169434,bwa,n1,3962147,7909724160
eager,19132169434,bwa,n2,3152217,6909194240
eager,19132169434,damageprofiler,asok01,128537,2010828800
eager,19132169434,damageprofiler,asok02,140086,2045595648
eager,19132169434,damageprofiler,c2,71203,2038087680
eager,19132169434,damageprofiler,n1,100034,2005700608
eager,19132169434,damageprofiler,n2,78486,2015318016
eager,19132169434,fastqc,asok01,414290,366157824
eager,19132169434,fastqc,asok02,431471,396439552
eager,19132169434,fastqc,c2,255462,425832448
eager,19132169434,fastqc,n1,357488,400678912
eager,19132169434,fastqc,n2,262343,407162880
eager,19132169434,fastqc_after_clipping,asok01,183419,356077568
eager,19132169434,fastqc_after_clipping,asok02,183616,354369536
eager,19132169434,fastqc_after_clipping,c2,95337,355557376
eager,19132169434,fastqc_after_clipping,n1,136329,355397632
eager,19132169434,fastqc_after_clipping,n2,104294,359800832
eager,19132169434,genotyping_hc,asok01,6500992,5581651968
eager,19132169434,genotyping_hc,asok02,6565041,5596430336
eager,19132169434,genotyping_hc,c2,2845669,5614043136
eager,19132169434,genotyping_hc,n1,4454183,5404827648
eager,19132169434,genotyping_hc,n2,3151150,5449142272
eager,19132169434,markduplicates,asok01,136721,2572263424
eager,19132169434,markduplicates,asok02,141963,2558099456
eager,19132169434,markduplicates,c2,71926,2571730944
eager,19132169434,markduplicates,n1,110775,2966409216
eager,19132169434,markduplicates,n2,79207,3070042112
eager,19132169434,preseq,asok01,36770,7962624
eager,19132169434,preseq,asok02,36763,8003584
eager,19132169434,preseq,c2,21811,8093696
eager,19132169434,preseq,n1,36932,7528448
eager,19132169434,preseq,n2,21703,7806976
eager,19132169434,qualimap,asok01,76643,1580318720
eager,19132169434,qualimap,asok02,67567,1558118400
eager,19132169434,qualimap,c2,33225,1182846976
eager,19132169434,qualimap,n1,46282,1323888640
eager,19132169434,qualimap,n2,34930,1191911424
eager,19132169434,samtools_filter,asok01,25244,10252288
eager,19132169434,samtools_filter,asok02,19686,11276288
eager,19132169434,samtools_filter,c2,9398,10412032
eager,19132169434,samtools_filter,n1,13608,10153984
eager,19132169434,samtools_filter,n2,10809,10407936
eager,19132169434,samtools_flagstat,asok01,18628,6516736
eager,19132169434,samtools_flagstat,asok02,18564,6766592
eager,19132169434,samtools_flagstat,c2,10109,4882432
eager,19132169434,samtools_flagstat,n1,16428,6176768
eager,19132169434,samtools_flagstat,n2,11526,6619136
eager,19132169434,samtools_flagstat_after_filter,asok01,5151,4866048
eager,19132169434,samtools_flagstat_after_filter,asok02,4993,6782976
eager,19132169434,samtools_flagstat_after_filter,c2,2753,6627328
eager,19132169434,samtools_flagstat_after_filter,n1,4125,6295552
eager,19132169434,samtools_flagstat_after_filter,n2,3000,6443008
eager,25705994498,adapter_removal,asok01,2437908,197251072
eager,25705994498,adapter_removal,asok02,2450757,195330048
eager,25705994498,adapter_removal,c2,1096640,203132928
eager,25705994498,adapter_removal,local,1321250,137506816
eager,25705994498,adapter_removal,n1,1601835,203689984
eager,25705994498,adapter_removal,n2,1252899,148094976
eager,25705994498,bcftools_stats,asok01,29183,10756096
eager,25705994498,bcftools_stats,asok02,29267,10670080
eager,25705994498,bcftools_stats,c2,13109,10776576
eager,25705994498,bcftools_stats,local,16950,10694656
eager,25705994498,bcftools_stats,n1,20287,10665984
eager,25705994498,bcftools_stats,n2,14775,10620928
eager,25705994498,bwa,asok01,7881404,7921205248
eager,25705994498,bwa,asok02,7872561,7921577984
eager,25705994498,bwa,c2,3963622,7867465728
eager,25705994498,bwa,local,4421482,7850807296
eager,25705994498,bwa,n1,5381396,7864946688
eager,25705994498,bwa,n2,4424475,7866556416
eager,25705994498,damageprofiler,asok01,207721,2246225920
eager,25705994498,damageprofiler,asok02,207516,2263937024
eager,25705994498,damageprofiler,c2,102016,2245992448
eager,25705994498,damageprofiler,local,126672,2194325504
eager,25705994498,damageprofiler,n1,148771,2221727744
eager,25705994498,damageprofiler,n2,108842,2209054720
eager,25705994498,fastqc,asok01,806649,342396928
eager,25705994498,fastqc,asok02,655859,369008640
eager,25705994498,fastqc,c2,312271,338948096
eager,25705994498,fastqc,local,393998,393506816
eager,25705994498,fastqc,n1,427629,379543552
eager,25705994498,fastqc,n2,298729,389660672
eager,25705994498,fastqc_after_clipping,asok01,276498,385101824
eager,25705994498,fastqc_after_clipping,asok02,275467,384401408
eager,25705994498,fastqc_after_clipping,c2,133257,367374336
eager,25705994498,fastqc_after_clipping,local,153281,371826688
eager,25705994498,fastqc_after_clipping,n1,194142,370638848
eager,25705994498,fastqc_after_clipping,n2,152360,374865920
eager,25705994498,genotyping_hc,asok01,10657795,5578244096
eager,25705994498,genotyping_hc,asok02,10522335,5565636608
eager,25705994498,genotyping_hc,c2,4401957,5580816384
eager,25705994498,genotyping_hc,local,5594417,5397921792
eager,25705994498,genotyping_hc,n1,6943115,5594222592
eager,25705994498,genotyping_hc,n2,4848044,5452623872
eager,25705994498,markduplicates,asok01,215662,2589519872
eager,25705994498,markduplicates,asok02,219739,2595807232
eager,25705994498,markduplicates,c2,106975,2594615296
eager,25705994498,markduplicates,local,136176,3359555584
eager,25705994498,markduplicates,n1,143311,3341049856
eager,25705994498,markduplicates,n2,118837,3339026432
eager,25705994498,preseq,asok01,59207,8028160
eager,25705994498,preseq,asok02,58981,8073216
eager,25705994498,preseq,c2,34263,7905280
eager,25705994498,preseq,local,43820,7708672
eager,25705994498,preseq,n1,62079,7680000
eager,25705994498,preseq,n2,39163,7774208
eager,25705994498,qualimap,asok01,83645,1597399040
eager,25705994498,qualimap,asok02,86996,1587306496
eager,25705994498,qualimap,c2,46492,1622396928
eager,25705994498,qualimap,local,48137,1623695360
eager,25705994498,qualimap,n1,56140,1592213504
eager,25705994498,qualimap,n2,46033,1617485824
eager,25705994498,samtools_filter,asok01,40953,10432512
eager,25705994498,samtools_filter,asok02,42633,10457088
eager,25705994498,samtools_filter,c2,15774,10010624
eager,25705994498,samtools_filter,local,23243,10063872
eager,25705994498,samtools_filter,n1,22248,10141696
eager,25705994498,samtools_filter,n2,16221,10301440
eager,25705994498,samtools_flagstat,asok01,28438,6606848
eager,25705994498,samtools_flagstat,asok02,28403,6537216
eager,25705994498,samtools_flagstat,c2,14002,4694016
eager,25705994498,samtools_flagstat,local,14139,4653056
eager,25705994498,samtools_flagstat,n1,22558,6393856
eager,25705994498,samtools_flagstat,n2,16182,6557696
eager,25705994498,samtools_flagstat_after_filter,asok01,7801,6643712
eager,25705994498,samtools_flagstat_after_filter,asok02,7980,6647808
eager,25705994498,samtools_flagstat_after_filter,c2,3887,6529024
eager,25705994498,samtools_flagstat_after_filter,local,4184,4640768
eager,25705994498,samtools_flagstat_after_filter,n1,5734,6262784
eager,25705994498,samtools_flagstat_after_filter,n2,4336,6508544
methylseq,6273818718,bismark_align,asok01,802691,82546688
methylseq,6273818718,bismark_align,asok02,814679,84353024
methylseq,6273818718,bismark_align,c2,643820,82378752
methylseq,6273818718,bismark_align,n1,931254,81674240
methylseq,6273818718,bismark_align,n2,598886,82694144
methylseq,6273818718,bismark_deduplicate,asok01,313,11497472
methylseq,6273818718,bismark_deduplicate,asok02,284,11612160
methylseq,6273818718,bismark_deduplicate,c2,420,3149824
methylseq,6273818718,bismark_deduplicate,n1,286,11214848
methylseq,6273818718,bismark_deduplicate,n2,539,3420160
methylseq,6273818718,bismark_methxtract,asok01,15595,37879808
methylseq,6273818718,bismark_methxtract,asok02,15610,37949440
methylseq,6273818718,bismark_methxtract,c2,14842,35295232
methylseq,6273818718,bismark_methxtract,n1,16508,41066496
methylseq,6273818718,bismark_methxtract,n2,15145,30453760
methylseq,6273818718,bismark_report,asok01,1769,25137152
methylseq,6273818718,bismark_report,asok02,1766,84910080
methylseq,6273818718,bismark_report,c2,1607,12242944
methylseq,6273818718,bismark_report,n1,1468,43790336
methylseq,6273818718,bismark_report,n2,1507,12283904
methylseq,6273818718,fastqc,asok01,150723,584110080
methylseq,6273818718,fastqc,asok02,147523,543297536
methylseq,6273818718,fastqc,c2,98432,561819648
methylseq,6273818718,fastqc,n1,103790,547774464
methylseq,6273818718,fastqc,n2,82426,552435712
methylseq,6273818718,qualimap,asok01,5070,175267840
methylseq,6273818718,qualimap,asok02,4552,146575360
methylseq,6273818718,qualimap,c2,4704,127397888
methylseq,6273818718,qualimap,n1,4037,155430912
methylseq,6273818718,qualimap,n2,6133,125108224
methylseq,6273818718,trim_galore,asok01,1121351,252170240
methylseq,6273818718,trim_galore,asok02,1120486,265793536
methylseq,6273818718,trim_galore,c2,875065,249733120
methylseq,6273818718,trim_galore,n1,1059745,253505536
methylseq,6273818718,trim_galore,n2,828915,257318912
methylseq,6761426956,bismark_align,asok01,879262,83480576
methylseq,6761426956,bismark_align,asok02,877255,85049344
methylseq,6761426956,bismark_align,c2,729609,82841600
methylseq,6761426956,bismark_align,n1,1042228,81752064
methylseq,6761426956,bismark_align,n2,575919,82370560
methylseq,6761426956,bismark_deduplicate,asok01,580,11206656
methylseq,6761426956,bismark_deduplicate,asok02,393,11313152
methylseq,6761426956,bismark_deduplicate,c2,317,11321344
methylseq,6761426956,bismark_deduplicate,n1,615,3371008
methylseq,6761426956,bismark_deduplicate,n2,316,11554816
methylseq,6761426956,bismark_methxtract,asok01,17861,41299968
methylseq,6761426956,bismark_methxtract,asok02,18145,36659200
methylseq,6761426956,bismark_methxtract,c2,15827,41771008
methylseq,6761426956,bismark_methxtract,n1,20160,40906752
methylseq,6761426956,bismark_methxtract,n2,16204,40947712
methylseq,6761426956,bismark_report,asok01,1832,50057216
methylseq,6761426956,bismark_report,asok02,1839,45363200
methylseq,6761426956,bismark_report,c2,1555,12513280
methylseq,6761426956,bismark_report,n1,1575,12398592
methylseq,6761426956,bismark_report,n2,1340,43843584
methylseq,6761426956,fastqc,asok01,163665,555458560
methylseq,6761426956,fastqc,asok02,165605,499388416
methylseq,6761426956,fastqc,c2,101471,550744064
methylseq,6761426956,fastqc,n1,108994,543678464
methylseq,6761426956,fastqc,n2,92762,551624704
methylseq,6761426956,qualimap,asok01,5433,147042304
methylseq,6761426956,qualimap,asok02,5418,152219648
methylseq,6761426956,qualimap,c2,4617,153600000
methylseq,6761426956,qualimap,n1,7939,136302592
methylseq,6761426956,qualimap,n2,3102,127406080
methylseq,6761426956,trim_galore,asok01,1204328,253874176
methylseq,6761426956,trim_galore,asok02,1207092,286228480
methylseq,6761426956,trim_galore,c2,951346,306933760
methylseq,6761426956,trim_galore,n1,1153514,245342208
methylseq,6761426956,trim_galore,n2,886936,251535360
methylseq,8885797810,bismark_align,asok01,1133077,82792448
methylseq,8885797810,bismark_align,asok02,1128062,84963328
methylseq,8885797810,bismark_align,c2,986921,82644992
methylseq,8885797810,bismark_align,n1,1309890,82415616
methylseq,8885797810,bismark_align,n2,766902,82661376
methylseq,8885797810,bismark_deduplicate,asok01,689,3084288
methylseq,8885797810,bismark_deduplicate,asok02,459,3256320
methylseq,8885797810,bismark_deduplicate,c2,180,11116544
methylseq,8885797810,bismark_deduplicate,n1,350,11161600
methylseq,8885797810,bismark_deduplicate,n2,152,11214848
methylseq,8885797810,bismark_methxtract,asok01,16600,41324544
methylseq,8885797810,bismark_methxtract,asok02,16972,41676800
methylseq,8885797810,bismark_methxtract,c2,15034,35692544
methylseq,8885797810,bismark_methxtract,n1,18111,41152512
methylseq,8885797810,bismark_methxtract,n2,15911,35733504
methylseq,8885797810,bismark_report,asok01,1781,44318720
methylseq,8885797810,bismark_report,asok02,1842,44908544
methylseq,8885797810,bismark_report,c2,1325,52875264
methylseq,8885797810,bismark_report,n1,1466,43782144
methylseq,8885797810,bismark_report,n2,1375,100122624
methylseq,8885797810,fastqc,asok01,207529,566796288
methylseq,8885797810,fastqc,asok02,208620,562159616
methylseq,8885797810,fastqc,c2,133489,550752256
methylseq,8885797810,fastqc,n1,145591,549769216
methylseq,8885797810,fastqc,n2,118373,558538752
methylseq,8885797810,qualimap,asok01,4694,137232384
methylseq,8885797810,qualimap,asok02,4351,150212608
methylseq,8885797810,qualimap,c2,2788,140345344
methylseq,8885797810,qualimap,n1,4055,146710528
methylseq,8885797810,qualimap,n2,3070,143167488
methylseq,8885797810,trim_galore,asok01,1570441,255184896
methylseq,8885797810,trim_galore,asok02,1584999,260087808
methylseq,8885797810,trim_galore,c2,1226171,253190144
methylseq,8885797810,trim_galore,n1,1507683,256389120
methylseq,8885797810,trim_galore,n2,1156575,255442944
methylseq,11897958606,bismark_align,asok01,1506806,83243008
methylseq,11897958606,bismark_align,asok02,1564021,84807680
methylseq,11897958606,bismark_align,c2,1143742,82788352
methylseq,11897958606,bismark_align,n1,1763347,82157568
methylseq,11897958606,bismark_align,n2,1000586,82440192
methylseq,11897958606,bismark_deduplicate,asok01,636,3207168
methylseq,11897958606,bismark_deduplicate,asok02,574,11390976
methylseq,11897958606,bismark_deduplicate,c2,438,11509760
methylseq,11897958606,bismark_deduplicate,n1,361,11239424
methylseq,11897958606,bismark_deduplicate,n2,423,11370496
methylseq,11897958606,bismark_methxtract,asok01,18442,41144320
methylseq,11897958606,bismark_methxtract,asok02,18555,41672704
methylseq,11897958606,bismark_methxtract,c2,16238,41578496
methylseq,11897958606,bismark_methxtract,n1,21050,40865792
methylseq,11897958606,bismark_methxtract,n2,17296,41082880
methylseq,11897958606,bismark_report,asok01,1729,12713984
methylseq,11897958606,bismark_report,asok02,1830,49262592
methylseq,11897958606,bismark_report,c2,1312,47222784
methylseq,11897958606,bismark_report,n1,1464,50061312
methylseq,11897958606,bismark_report,n2,1391,39620608
methylseq,11897958606,fastqc,asok01,274672,563908608
methylseq,11897958606,fastqc,asok02,275549,546459648
methylseq,11897958606,fastqc,c2,171531,551235584
methylseq,11897958606,fastqc,n1,185554,577314816
methylseq,11897958606,fastqc,n2,163335,565657600
methylseq,11897958606,qualimap,asok01,8747,158785536
methylseq,11897958606,qualimap,asok02,5743,153452544
methylseq,11897958606,qualimap,c2,2808,139522048
methylseq,11897958606,qualimap,n1,5003,163692544
methylseq,11897958606,qualimap,n2,3423,177147904
methylseq,11897958606,trim_galore,asok01,2092171,261058560
methylseq,11897958606,trim_galore,asok02,2098761,258404352
methylseq,11897958606,trim_galore,c2,1659622,254246912
methylseq,11897958606,trim_galore,n1,2015292,257118208
methylseq,11897958606,trim_galore,n2,1555788,251629568
methylseq,17027257018,bismark_align,asok01,2162654,83329024
methylseq,17027257018,bismark_align,asok02,2086447,83152896
methylseq,17027257018,bismark_align,c2,1227135,82898944
methylseq,17027257018,bismark_align,local,1905875,83046400
methylseq,17027257018,bismark_align,n1,2102638,82845696
methylseq,17027257018,bismark_align,n2,1227135,82898944
methylseq,17027257018,bismark_deduplicate,asok01,1275,16281600
methylseq,17027257018,bismark_deduplicate,asok02,1366,19828736
methylseq,17027257018,bismark_deduplicate,c2,845,3354624
methylseq,17027257018,bismark_deduplicate,local,964,9908224
methylseq,17027257018,bismark_deduplicate,n1,1375,23117824
methylseq,17027257018,bismark_deduplicate,n2,845,3354624
methylseq,17027257018,bismark_methxtract,asok01,33066,57966592
methylseq,17027257018,bismark_methxtract,asok02,33232,57819136
methylseq,17027257018,bismark_methxtract,c2,27593,41369600
methylseq,17027257018,bismark_methxtract,local,30127,41451520
methylseq,17027257018,bismark_methxtract,n1,41910,41435136
methylseq,17027257018,bismark_methxtract,n2,27593,41369600
methylseq,17027257018,bismark_report,asok01,1824,79589376
methylseq,17027257018,bismark_report,asok02,1827,85950464
methylseq,17027257018,bismark_report,c2,1391,43876352
methylseq,17027257018,bismark_report,local,1323,32514048
methylseq,17027257018,bismark_report,n1,1519,12304384
methylseq,17027257018,bismark_report,n2,1391,43876352
methylseq,17027257018,fastqc,asok01,395916,562024448
methylseq,17027257018,fastqc,asok02,399873,568692736
methylseq,17027257018,fastqc,c2,217369,548872192
methylseq,17027257018,fastqc,local,200401,567058432
methylseq,17027257018,fastqc,n1,248478,549597184
methylseq,17027257018,fastqc,n2,217369,548872192
methylseq,17027257018,qualimap,asok01,6974,194469888
methylseq,17027257018,qualimap,asok02,7262,213635072
methylseq,17027257018,qualimap,c2,7243,208846848
methylseq,17027257018,qualimap,local,5006,208265216
methylseq,17027257018,qualimap,n1,8348,234176512
methylseq,17027257018,qualimap,n2,7243,208846848
methylseq,17027257018,trim_galore,asok01,3010738,265957376
methylseq,17027257018,trim_galore,asok02,3005827,256659456
methylseq,17027257018,trim_galore,c2,2284606,260722688
methylseq,17027257018,trim_galore,local,2250032,251518976
methylseq,17027257018,trim_galore,n1,2991902,319037440
methylseq,17027257018,trim_galore,n2,2284606,260722688
methylseq,22500260922,bismark_align,asok01,2781973,83136512
methylseq,22500260922,bismark_align,asok02,2752993,83296256
methylseq,22500260922,bismark_align,c2,1855418,82407424
methylseq,22500260922,bismark_align,local,2628836,82808832
methylseq,22500260922,bismark_align,n1,2748397,81997824
methylseq,22500260922,bismark_align,n2,1855418,82407424
methylseq,22500260922,bismark_deduplicate,asok01,1067,11100160
methylseq,22500260922,bismark_deduplicate,asok02,1265,14462976
methylseq,22500260922,bismark_deduplicate,c2,769,3125248
methylseq,22500260922,bismark_deduplicate,local,1164,19054592
methylseq,22500260922,bismark_deduplicate,n1,1002,3186688
methylseq,22500260922,bismark_deduplicate,n2,769,3125248
methylseq,22500260922,bismark_methxtract,asok01,29692,40636416
methylseq,22500260922,bismark_methxtract,asok02,29754,41611264
methylseq,22500260922,bismark_methxtract,c2,24657,41779200
methylseq,22500260922,bismark_methxtract,local,27424,41381888
methylseq,22500260922,bismark_methxtract,n1,37007,41185280
methylseq,22500260922,bismark_methxtract,n2,24657,41779200
methylseq,22500260922,bismark_report,asok01,1758,78770176
methylseq,22500260922,bismark_report,asok02,1810,12693504
methylseq,22500260922,bismark_report,c2,1407,12619776
methylseq,22500260922,bismark_report,local,1311,12541952
methylseq,22500260922,bismark_report,n1,1622,45035520
methylseq,22500260922,bismark_report,n2,1407,12619776
methylseq,22500260922,fastqc,asok01,527332,581181440
methylseq,22500260922,fastqc,asok02,526874,567128064
methylseq,22500260922,fastqc,c2,303583,576438272
methylseq,22500260922,fastqc,local,261373,551223296
methylseq,22500260922,fastqc,n1,336567,554020864
methylseq,22500260922,fastqc,n2,303583,576438272
methylseq,22500260922,qualimap,asok01,6654,211193856
methylseq,22500260922,qualimap,asok02,6614,202518528
methylseq,22500260922,qualimap,c2,4822,214028288
methylseq,22500260922,qualimap,local,4506,219557888
methylseq,22500260922,qualimap,n1,8151,174063616
methylseq,22500260922,qualimap,n2,4822,214028288
methylseq,22500260922,trim_galore,asok01,3935054,260788224
methylseq,22500260922,trim_galore,asok02,3952612,261857280
methylseq,22500260922,trim_galore,c2,3030092,256253952
methylseq,22500260922,trim_galore,local,2932087,258478080
methylseq,22500260922,trim_galore,n1,3922086,262057984
methylseq,22500260922,trim_galore,n2,3030092,256253952
methylseq,110641579976,bismark_align,asok01,13542148,77688832
methylseq,110641579976,bismark_align,asok02,13779034,80125952
methylseq,110641579976,bismark_align,c2,7385288,79405056
methylseq,110641579976,bismark_align,n1,14160152,79134720
methylseq,110641579976,bismark_align,n2,8470013,79200256
methylseq,110641579976,bismark_deduplicate,asok01,512,3133440
methylseq,110641579976,bismark_deduplicate,asok02,162,3338240
methylseq,110641579976,bismark_deduplicate,c2,225,3239936
methylseq,110641579976,bismark_deduplicate,n1,273,3104768
methylseq,110641579976,bismark_deduplicate,n2,177,3502080
methylseq,110641579976,bismark_methxtract,asok01,13952,24813568
methylseq,110641579976,bismark_methxtract,asok02,13536,28237824
methylseq,110641579976,bismark_methxtract,c2,13273,24453120
methylseq,110641579976,bismark_methxtract,n1,13603,24600576
methylseq,110641579976,bismark_methxtract,n2,13342,24444928
methylseq,110641579976,bismark_report,asok01,1840,12570624
methylseq,110641579976,bismark_report,asok02,1810,53760000
methylseq,110641579976,bismark_report,c2,1293,34275328
methylseq,110641579976,bismark_report,n1,1542,22020096
methylseq,110641579976,bismark_report,n2,1352,28246016
methylseq,110641579976,fastqc,asok01,2422379,462983168
methylseq,110641579976,fastqc,asok02,2456237,579325952
methylseq,110641579976,fastqc,c2,1633882,595812352
methylseq,110641579976,fastqc,n1,1659758,574914560
methylseq,110641579976,fastqc,n2,1315640,555151360
methylseq,110641579976,qualimap,asok01,5793,120188928
methylseq,110641579976,qualimap,asok02,6350,120303616
methylseq,110641579976,qualimap,c2,3153,96788480
methylseq,110641579976,qualimap,n1,4174,106741760
methylseq,110641579976,qualimap,n2,2969,106037248
methylseq,110641579976,trim_galore,asok01,18540595,261603328
methylseq,110641579976,trim_galore,asok02,18517728,272166912
methylseq,110641579976,trim_galore,c2,12401584,263147520
methylseq,110641579976,trim_galore,n1,17681956,266649600
methylseq,110641579976,trim_galore,n2,13572433,263094272
